# sprite images seen in cbref0 traces (attract, autopilot routes 0-15, 12 random games):
# descriptor index (rom0 $F236 + 10 i), mode (0 normal, 1 shadow sprite, 2 hw shadow bit:
# colour 10 = shadow), hw zoom, ticks seen
0 0 512 40896
1 0 512 234685
1 0 516 32
1 1 504 1113
2 0 512 6988
2 1 504 408
3 0 512 3008
4 0 512 48931
4 0 520 32
4 0 524 32
5 0 512 865
6 0 512 2971
7 0 512 35265
7 0 528 32
7 0 532 32
8 0 512 860
10 2 789 1
10 2 978 17
10 2 1008 33
11 2 524 16
11 2 539 16
11 2 560 16
11 2 579 19
11 2 601 36
11 2 624 18
11 2 648 19
11 2 851 2
11 2 897 1
12 2 624 30
12 2 736 206
12 2 809 174
12 2 897 551
12 2 1008 1465
13 2 579 3052
13 2 675 396
13 2 809 1019
14 2 512 60
14 2 516 15
14 2 520 6
14 2 524 23
14 2 528 19
14 2 532 17
14 2 537 417
14 2 539 17
14 2 546 43
14 2 550 37
14 2 555 30
14 2 560 409
14 2 564 49
14 2 569 23
14 2 574 44
14 2 579 27
14 2 585 19
14 2 590 28
14 2 595 35
14 2 601 16
14 2 606 30
14 2 612 27
14 2 618 14
14 2 624 26
14 2 630 10
14 2 636 24
14 2 642 15
14 2 648 26
14 2 655 11
14 2 661 22
14 2 668 28
14 2 675 10
14 2 682 25
14 2 689 15
14 2 697 28
14 2 704 19
14 2 720 19
14 2 728 48
14 2 736 10
14 2 744 29
14 2 753 28
14 2 762 16
14 2 771 29
14 2 780 28
14 2 789 20
14 2 799 28
14 2 809 19
14 2 819 29
14 2 829 24
14 2 840 24
14 2 851 19
14 2 862 24
14 2 873 17
14 2 885 20
14 2 897 28
14 2 910 11
14 2 923 32
14 2 936 26
14 2 950 46
14 2 962 30
14 2 978 38
14 2 992 46
14 2 1008 77
15 2 516 54
15 2 524 57
15 2 532 33
15 2 539 50
15 2 550 55
15 2 560 58
15 2 569 54
15 2 579 57
15 2 590 46
15 2 601 63
15 2 612 66
15 2 624 64
15 2 636 81
15 2 648 87
15 2 661 71
15 2 675 68
15 2 689 78
15 2 704 65
15 2 720 90
15 2 736 75
15 2 753 82
15 2 771 78
15 2 789 72
15 2 809 76
15 2 829 98
15 2 851 85
15 2 873 89
15 2 897 99
15 2 923 123
15 2 949 107
15 2 978 98
15 2 1008 83
16 2 524 114
16 2 539 104
16 2 560 134
16 2 579 121
16 2 601 128
16 2 624 572
16 2 648 165
16 2 675 216
16 2 704 202
16 2 736 214
16 2 771 239
16 2 809 218
16 2 851 265
16 2 897 661
16 2 949 743
16 2 1008 360
17 2 539 339
17 2 579 464
17 2 624 525
17 2 675 610
17 2 736 675
17 2 809 1295
17 2 897 952
17 2 1008 1520
18 2 579 4314
18 2 675 746
18 2 809 2937
19 2 512 9
19 2 528 1
19 2 539 8
19 2 560 8
19 2 564 1
19 2 579 8
19 2 585 1
19 2 595 1
19 2 606 3
19 2 612 1
19 2 618 9
19 2 624 8
19 2 636 8
19 2 642 1
19 2 648 8
19 2 655 1
19 2 675 1
19 2 704 1
19 2 728 1
19 2 736 1
19 2 744 1
19 2 819 1
19 2 840 1
19 2 885 2
19 2 950 1
19 2 962 1
19 2 978 1
19 2 992 1
19 2 1008 3
20 2 524 2
20 2 532 1
20 2 539 1
20 2 661 1
20 2 675 1
20 2 689 2
20 2 704 1
20 2 720 1
20 2 736 1
20 2 771 1
20 2 809 4
20 2 829 3
20 2 851 2
20 2 873 3
20 2 897 2
21 2 579 4
21 2 736 4
21 2 771 2
21 2 809 2
22 2 809 59
22 2 1008 263
23 2 579 1112
24 2 512 220
24 2 516 55
24 2 520 32
24 2 524 46
24 2 528 60
24 2 532 56
24 2 537 30
24 2 539 70
24 2 546 57
24 2 550 49
24 2 555 59
24 2 560 41
24 2 564 86
24 2 569 40
24 2 574 61
24 2 579 74
24 2 585 71
24 2 590 56
24 2 595 52
24 2 601 89
24 2 606 52
24 2 612 94
24 2 618 74
24 2 624 458
24 2 630 67
24 2 636 73
24 2 642 85
24 2 648 69
24 2 655 87
24 2 661 96
24 2 668 73
24 2 675 85
24 2 682 82
24 2 689 84
24 2 697 85
24 2 704 92
24 2 720 95
24 2 728 190
24 2 736 103
24 2 744 99
24 2 753 96
24 2 762 101
24 2 771 99
24 2 780 120
24 2 789 97
24 2 799 114
24 2 809 96
24 2 819 136
24 2 829 75
24 2 840 132
24 2 851 94
24 2 862 89
24 2 873 153
24 2 885 82
24 2 897 123
24 2 910 105
24 2 923 107
24 2 936 94
24 2 950 133
24 2 962 110
24 2 978 131
24 2 992 153
24 2 1008 266
25 2 516 126
25 2 524 127
25 2 532 132
25 2 539 160
25 2 550 144
25 2 560 150
25 2 569 151
25 2 579 160
25 2 590 161
25 2 601 566
25 2 612 195
25 2 624 177
25 2 636 189
25 2 648 204
25 2 661 206
25 2 675 196
25 2 689 209
25 2 704 242
25 2 720 209
25 2 736 247
25 2 753 248
25 2 771 243
25 2 789 236
25 2 809 253
25 2 829 244
25 2 851 236
25 2 873 240
25 2 897 237
25 2 923 238
25 2 949 242
25 2 978 287
25 2 1008 320
26 2 524 458
26 2 539 312
26 2 560 355
26 2 579 371
26 2 601 723
26 2 624 394
26 2 648 492
26 2 675 457
26 2 704 497
26 2 736 538
26 2 771 531
26 2 809 573
26 2 851 621
26 2 897 1488
26 2 949 708
26 2 1008 744
27 2 539 796
27 2 579 2040
27 2 624 1074
27 2 675 1482
27 2 736 2198
27 2 809 2321
27 2 897 3984
27 2 1008 6227
28 2 579 17313
28 2 675 2471
28 2 809 5153
29 2 780 1
29 2 809 1
29 2 829 1
31 2 809 2
31 2 851 2
31 2 897 1
31 2 949 1
32 2 579 1
32 2 809 18
32 2 897 18
32 2 1008 2
33 2 579 20
33 2 675 82
33 2 809 40
34 2 512 20
34 2 516 5
34 2 520 16
34 2 524 14
34 2 528 10
34 2 532 14
34 2 537 18
34 2 539 16
34 2 546 18
34 2 550 21
34 2 555 16
34 2 560 22
34 2 564 25
34 2 569 16
34 2 574 24
34 2 579 14
34 2 585 29
34 2 590 25
34 2 595 25
34 2 601 28
34 2 606 18
34 2 612 32
34 2 618 30
34 2 624 31
34 2 630 33
34 2 636 46
34 2 642 20
34 2 648 31
34 2 655 38
34 2 661 34
34 2 668 41
34 2 675 51
34 2 682 50
34 2 689 51
34 2 697 40
34 2 704 50
34 2 720 36
34 2 728 96
34 2 736 58
34 2 744 37
34 2 753 50
34 2 762 61
34 2 771 38
34 2 780 64
34 2 789 444
34 2 799 44
34 2 809 821
34 2 819 63
34 2 829 74
34 2 840 53
34 2 851 95
34 2 862 39
34 2 873 69
34 2 885 79
34 2 897 50
34 2 910 67
34 2 923 82
34 2 936 42
34 2 950 84
34 2 962 78
34 2 978 61
34 2 992 67
34 2 1008 181
35 2 516 150
35 2 524 96
35 2 532 88
35 2 539 91
35 2 550 100
35 2 560 73
35 2 569 128
35 2 579 103
35 2 590 495
35 2 601 105
35 2 612 119
35 2 624 119
35 2 636 146
35 2 648 125
35 2 661 127
35 2 675 131
35 2 689 156
35 2 704 155
35 2 720 165
35 2 736 181
35 2 753 201
35 2 771 255
35 2 789 227
35 2 809 358
35 2 829 256
35 2 851 199
35 2 873 264
35 2 897 623
35 2 923 216
35 2 949 233
35 2 978 242
35 2 1008 230
36 2 524 246
36 2 539 276
36 2 560 257
36 2 579 275
36 2 601 327
36 2 624 361
36 2 648 388
36 2 675 739
36 2 704 403
36 2 736 433
36 2 771 514
36 2 809 671
36 2 851 1004
36 2 897 1439
36 2 949 742
36 2 1008 947
37 2 539 1129
37 2 579 1587
37 2 624 2257
37 2 675 1963
37 2 736 2355
37 2 809 3857
37 2 897 7242
37 2 1008 10700
38 2 579 18510
38 2 675 5856
38 2 809 12986
39 2 630 2
39 2 648 2
39 2 668 2
39 2 689 8
39 2 697 2
39 2 720 4
39 2 736 10
39 2 744 8
39 2 771 8
39 2 789 2
39 2 819 2
39 2 829 8
39 2 851 10
39 2 885 10
39 2 897 10
39 2 923 4
39 2 936 10
39 2 962 8
39 2 978 10
40 2 524 10
40 2 550 2
40 2 560 2
40 2 612 2
40 2 624 2
40 2 648 2
40 2 704 2
40 2 736 2
40 2 753 2
40 2 809 4
40 2 851 2
40 2 923 2
40 2 949 4
41 2 524 4
41 2 560 2
41 2 579 2
41 2 624 4
41 2 949 1
41 2 1008 2
44 2 341 22
44 2 344 6
44 2 348 12
44 2 352 1
44 2 356 14
44 2 360 14
44 2 364 11
44 2 368 8
44 2 372 15
44 2 376 6
44 2 381 13
44 2 385 22
44 2 390 3
44 2 394 7
44 2 399 14
44 2 404 15
44 2 409 6
44 2 414 15
44 2 420 5
44 2 425 6
44 2 431 23
44 2 436 5
44 2 442 4
44 2 448 15
44 2 455 15
44 2 461 4
44 2 468 15
44 2 474 5
44 2 481 5
44 2 489 23
44 2 496 7
44 2 504 8
44 2 512 3
44 2 516 20
44 2 524 7
44 2 528 12
44 2 537 9
44 2 539 8
44 2 550 22
44 2 555 5
44 2 564 10
44 2 569 17
44 2 579 6
44 2 585 14
44 2 595 12
44 2 601 8
44 2 612 11
44 2 618 17
44 2 630 6
44 2 636 14
44 2 648 13
44 2 655 10
44 2 668 18
44 2 675 7
44 2 689 20
44 2 697 13
44 2 720 19
44 2 728 20
44 2 736 8
44 2 744 26
44 2 762 6
44 2 771 26
44 2 789 10
44 2 799 29
44 2 819 13
44 2 829 17
44 2 851 19
44 2 862 20
44 2 885 16
44 2 897 36
44 2 923 16
44 2 936 21
44 2 962 25
44 2 978 19
44 2 1008 57
45 2 524 20
45 2 532 35
45 2 550 408
45 2 560 45
45 2 579 36
45 2 590 46
45 2 612 427
45 2 624 57
45 2 648 65
45 2 661 63
45 2 689 50
45 2 704 57
45 2 736 52
45 2 753 49
45 2 789 74
45 2 809 85
45 2 851 84
45 2 873 89
45 2 923 92
45 2 949 85
45 2 1008 89
46 2 524 93
46 2 560 94
46 2 579 89
46 2 624 91
46 2 648 87
46 2 704 122
46 2 736 133
46 2 809 117
46 2 851 146
46 2 949 167
46 2 1008 183
47 2 579 166
47 2 624 205
47 2 736 346
47 2 809 410
47 2 897 176
47 2 1008 282
48 2 579 1167
49 2 341 14
49 2 348 4
49 2 352 2
49 2 356 2
49 2 364 2
49 2 372 13
49 2 381 2
49 2 385 6
49 2 390 4
49 2 399 12
49 2 404 2
49 2 409 4
49 2 414 4
49 2 420 4
49 2 425 10
49 2 431 10
49 2 436 2
49 2 442 4
49 2 448 10
49 2 455 2
49 2 461 4
49 2 468 10
49 2 474 6
49 2 481 12
49 2 489 10
49 2 496 5
49 2 504 2
49 2 512 5
49 2 516 12
49 2 524 2
49 2 528 4
49 2 537 4
49 2 539 3
49 2 550 16
49 2 555 5
49 2 564 4
49 2 569 5
49 2 579 2
49 2 585 6
49 2 595 6
49 2 601 6
49 2 612 14
49 2 618 6
49 2 630 13
49 2 636 18
49 2 648 1
49 2 655 2
49 2 668 6
49 2 675 2
49 2 689 10
49 2 697 5
49 2 720 3
49 2 728 4
49 2 744 4
49 2 762 4
49 2 771 6
49 2 789 4
49 2 799 8
49 2 819 4
49 2 829 6
49 2 851 6
49 2 862 8
49 2 885 8
49 2 897 12
49 2 923 12
49 2 962 2
49 2 978 2
49 2 1008 2
50 2 524 2
50 2 532 2
50 2 579 2
50 2 590 2
50 2 612 2
50 2 648 2
51 2 648 2
51 2 851 1
52 2 809 43
52 2 1008 241
53 2 579 745
54 2 341 107
54 2 344 24
54 2 348 32
54 2 352 32
54 2 356 33
54 2 360 41
54 2 364 22
54 2 368 33
54 2 372 50
54 2 376 21
54 2 381 32
54 2 385 54
54 2 390 26
54 2 394 31
54 2 399 63
54 2 404 29
54 2 409 22
54 2 414 65
54 2 420 39
54 2 425 27
54 2 431 66
54 2 436 413
54 2 442 38
54 2 448 69
54 2 455 49
54 2 461 32
54 2 468 60
54 2 474 57
54 2 481 31
54 2 489 67
54 2 496 43
54 2 504 20
54 2 512 44
54 2 516 40
54 2 524 25
54 2 528 48
54 2 537 23
54 2 539 40
54 2 550 38
54 2 555 23
54 2 564 43
54 2 569 48
54 2 579 26
54 2 585 53
54 2 595 41
54 2 601 48
54 2 612 39
54 2 618 58
54 2 630 42
54 2 636 50
54 2 648 64
54 2 655 35
54 2 668 59
54 2 675 44
54 2 689 42
54 2 697 68
54 2 720 55
54 2 728 38
54 2 736 47
54 2 744 56
54 2 762 61
54 2 771 64
54 2 789 50
54 2 799 77
54 2 819 88
54 2 829 84
54 2 851 56
54 2 862 66
54 2 885 60
54 2 897 69
54 2 923 66
54 2 936 77
54 2 962 59
54 2 978 74
54 2 1008 133
55 2 524 73
55 2 532 79
55 2 550 75
55 2 560 73
55 2 579 83
55 2 590 95
55 2 612 480
55 2 624 81
55 2 648 71
55 2 661 84
55 2 689 93
55 2 704 100
55 2 736 112
55 2 753 130
55 2 789 114
55 2 809 498
55 2 851 150
55 2 873 166
55 2 923 146
55 2 949 150
55 2 1008 138
56 2 524 120
56 2 560 139
56 2 579 144
56 2 624 165
56 2 648 201
56 2 704 957
56 2 736 199
56 2 809 253
56 2 851 249
56 2 949 265
56 2 1008 333
57 2 579 445
57 2 624 912
57 2 736 2047
57 2 809 1136
57 2 897 756
57 2 1008 2510
58 2 579 5373
58 2 675 405
58 2 809 2280
59 0 978 2
59 0 1008 3
59 2 539 1
59 2 555 1
59 2 569 1
59 2 579 1
59 2 595 8
59 2 601 3
59 2 612 1
59 2 618 1
59 2 630 1
59 2 636 1
59 2 648 2
59 2 668 2
59 2 689 2
59 2 720 2
59 2 728 8
59 2 736 2
59 2 744 2
59 2 771 2
59 2 799 2
59 2 819 2
59 2 862 2
59 2 897 2
59 2 923 4
59 2 936 2
59 2 962 1
59 2 978 2
59 2 1008 6
60 0 524 2
60 0 532 3
60 0 550 3
60 0 560 12
60 0 661 1
60 0 689 2
60 0 704 74
60 0 736 106
60 0 753 92
60 0 789 180
60 0 809 278
60 0 851 396
60 0 873 556
60 0 923 204
60 0 949 164
60 0 1008 44
60 2 524 2
60 2 532 6
60 2 550 2
60 2 560 3
60 2 579 4
60 2 590 5
60 2 612 4
60 2 624 9
60 2 648 4
60 2 661 1
60 2 689 5
60 2 704 6
60 2 736 3
60 2 753 3
60 2 789 1
60 2 809 4
60 2 851 6
60 2 873 6
60 2 923 4
60 2 949 7
60 2 1008 7
61 2 524 2
61 2 560 2
61 2 624 2
61 2 648 4
61 2 704 2
61 2 736 2
61 2 809 2
61 2 851 3
61 2 949 4
61 2 1008 2
62 2 809 2
64 0 364 58
64 0 829 1
64 0 851 89
64 0 862 45
64 0 885 45
64 0 897 45
64 0 923 45
64 0 936 45
64 0 962 45
64 0 978 46
64 0 1008 135
64 2 341 31
64 2 344 10
64 2 348 17
64 2 352 7
64 2 356 5
64 2 360 19
64 2 364 12
64 2 368 4
64 2 372 12
64 2 376 22
64 2 381 5
64 2 385 9
64 2 390 5
64 2 394 14
64 2 399 19
64 2 404 2
64 2 409 16
64 2 414 19
64 2 420 6
64 2 425 7
64 2 431 13
64 2 436 11
64 2 442 9
64 2 448 20
64 2 455 16
64 2 461 11
64 2 468 20
64 2 474 9
64 2 481 23
64 2 489 26
64 2 496 20
64 2 504 26
64 2 512 12
64 2 516 24
64 2 524 22
64 2 528 28
64 2 537 30
64 2 539 33
64 2 550 38
64 2 555 29
64 2 564 42
64 2 569 26
64 2 579 48
64 2 585 35
64 2 595 29
64 2 601 39
64 2 612 31
64 2 618 36
64 2 630 408
64 2 636 41
64 2 648 24
64 2 655 37
64 2 668 40
64 2 675 35
64 2 689 39
64 2 697 42
64 2 720 47
64 2 728 37
64 2 736 51
64 2 744 51
64 2 762 51
64 2 771 58
64 2 789 43
64 2 799 58
64 2 819 69
64 2 829 80
64 2 851 68
64 2 862 78
64 2 885 45
64 2 897 84
64 2 923 59
64 2 936 85
64 2 962 57
64 2 978 97
64 2 1008 165
65 0 524 47
65 0 532 90
65 0 550 47
65 0 560 95
65 0 579 46
65 0 590 90
65 0 612 135
65 0 624 226
65 0 648 182
65 0 661 326
65 0 689 311
65 0 704 208
65 0 736 264
65 0 753 269
65 0 789 415
65 0 809 418
65 0 851 640
65 0 873 512
65 0 923 292
65 0 949 520
65 0 1008 40
65 2 524 81
65 2 532 100
65 2 550 86
65 2 560 99
65 2 579 94
65 2 590 108
65 2 612 112
65 2 624 121
65 2 648 111
65 2 661 104
65 2 689 125
65 2 704 118
65 2 736 131
65 2 753 126
65 2 789 137
65 2 809 533
65 2 851 169
65 2 873 214
65 2 923 217
65 2 949 166
65 2 1008 205
66 0 524 24
66 0 560 24
66 0 579 48
66 0 624 24
66 0 648 24
66 0 704 24
66 0 736 48
66 0 809 24
66 0 851 48
66 0 949 48
66 0 1008 48
66 2 524 226
66 2 560 261
66 2 579 500
66 2 624 332
66 2 648 342
66 2 704 709
66 2 736 399
66 2 809 432
66 2 851 530
66 2 949 1282
66 2 1008 1451
67 0 579 60
67 0 624 72
67 0 736 96
67 0 809 132
67 0 1008 228
67 2 579 968
67 2 624 1102
67 2 736 2282
67 2 809 3684
67 2 897 3035
67 2 1008 3972
68 0 579 516
68 2 579 9986
68 2 675 2111
68 2 809 6065
69 0 512 3194
69 0 537 32
69 0 539 32
69 1 504 14028
70 0 512 1064
70 0 546 64
70 0 555 64
70 0 564 64
70 0 569 64
70 0 574 64
70 1 404 3
70 1 414 3
70 1 504 1534
70 1 697 82
70 1 704 82
70 1 789 81
70 1 799 162
70 1 962 81
70 1 978 162
70 1 992 4720
71 1 504 1362
72 1 504 2101
73 2 356 2
73 2 360 4
73 2 364 4
73 2 372 4
73 2 376 4
73 2 381 2
73 2 385 2
73 2 390 2
73 2 399 4
73 2 404 2
73 2 409 4
73 2 414 2
73 2 420 4
73 2 425 2
73 2 431 2
73 2 442 2
73 2 448 6
73 2 461 4
73 2 468 4
73 2 481 4
73 2 489 4
73 2 512 2
73 2 516 2
73 2 524 2
73 2 537 5
73 2 550 1
73 2 555 4
73 2 564 1
73 2 569 2
73 2 579 2
73 2 585 3
73 2 601 3
73 2 612 1
73 2 618 2
73 2 630 7
73 2 648 6
73 2 655 2
73 2 668 3
73 2 675 1
73 2 697 2
73 2 720 2
73 2 728 2
73 2 736 2
73 2 744 2
73 2 762 2
73 2 789 4
73 2 799 4
73 2 819 4
73 2 829 7
73 2 862 5
73 2 923 3
73 2 936 4
73 2 962 2
73 2 978 2
73 2 1008 2
74 2 524 2
74 2 532 4
74 2 550 4
74 2 579 4
74 2 590 2
74 2 612 4
74 2 624 2
74 2 648 4
74 2 661 3
74 2 689 5
74 2 704 7
74 2 736 4
74 2 753 5
74 2 789 3
74 2 809 6
74 2 851 4
74 2 873 2
74 2 923 8
74 2 1008 2
76 2 809 4
78 2 341 7
78 2 348 30
78 2 352 9
78 2 356 3
78 2 360 41
78 2 364 27
78 2 368 15
78 2 372 43
78 2 376 22
78 2 381 38
78 2 385 403
78 2 390 14
78 2 394 31
78 2 399 22
78 2 404 34
78 2 409 12
78 2 414 35
78 2 420 17
78 2 425 17
78 2 431 34
78 2 436 22
78 2 442 22
78 2 448 27
78 2 455 10
78 2 461 20
78 2 468 27
78 2 474 20
78 2 481 18
78 2 489 38
78 2 496 12
78 2 504 15
78 2 512 29
78 2 516 15
78 2 524 387
78 2 528 27
78 2 537 17
78 2 539 28
78 2 550 10
78 2 555 22
78 2 564 17
78 2 569 13
78 2 579 27
78 2 585 388
78 2 595 24
78 2 601 22
78 2 612 19
78 2 618 21
78 2 630 28
78 2 636 21
78 2 648 30
78 2 655 21
78 2 668 25
78 2 675 35
78 2 689 30
78 2 697 28
78 2 720 26
78 2 728 24
78 2 736 34
78 2 744 24
78 2 762 38
78 2 771 37
78 2 789 37
78 2 799 413
78 2 819 51
78 2 829 50
78 2 851 46
78 2 862 48
78 2 885 55
78 2 897 34
78 2 923 49
78 2 936 38
78 2 962 43
78 2 978 39
78 2 1008 108
79 2 524 42
79 2 532 53
79 2 550 55
79 2 560 44
79 2 579 59
79 2 590 54
79 2 612 438
79 2 624 68
79 2 648 74
79 2 661 76
79 2 689 83
79 2 704 93
79 2 736 93
79 2 753 106
79 2 789 94
79 2 809 104
79 2 851 95
79 2 873 116
79 2 923 122
79 2 949 114
79 2 1008 111
80 2 524 111
80 2 560 115
80 2 579 903
80 2 624 138
80 2 648 540
80 2 704 143
80 2 736 170
80 2 809 151
80 2 851 576
80 2 949 225
80 2 1008 655
81 2 579 261
81 2 624 334
81 2 736 576
81 2 809 556
81 2 897 59
81 2 1008 826
82 2 579 498
82 2 809 122
83 2 341 2
83 2 352 2
83 2 360 2
83 2 381 2
83 2 385 6
83 2 390 2
83 2 394 6
83 2 399 4
83 2 404 2
83 2 409 2
83 2 414 6
83 2 420 2
83 2 425 4
83 2 431 4
83 2 436 4
83 2 442 4
83 2 448 6
83 2 455 4
83 2 468 9
83 2 481 5
83 2 489 7
83 2 504 2
83 2 512 3
83 2 516 13
83 2 524 8
83 2 528 5
83 2 537 12
83 2 539 12
83 2 550 11
83 2 555 5
83 2 564 5
83 2 569 11
83 2 579 5
83 2 585 4
83 2 595 3
83 2 601 5
83 2 612 7
83 2 618 4
83 2 630 8
83 2 636 26
83 2 648 3
83 2 655 6
83 2 668 8
83 2 675 8
83 2 689 10
83 2 697 15
83 2 720 7
83 2 728 25
83 2 736 2
83 2 744 9
83 2 762 7
83 2 771 6
83 2 789 6
83 2 799 5
83 2 819 5
83 2 829 8
83 2 851 9
83 2 862 13
83 2 885 18
83 2 897 15
83 2 936 1
83 2 978 1
84 2 532 1
84 2 550 1
84 2 579 1
84 2 612 4
84 2 624 4
84 2 648 4
84 2 689 5
84 2 704 5
84 2 736 1
84 2 753 1
84 2 789 1
84 2 809 1
84 2 851 1
84 2 873 1
84 2 923 2
84 2 949 6
84 2 1008 1
85 2 579 4
85 2 624 10
86 2 736 2
88 2 341 231
88 2 344 62
88 2 348 82
88 2 352 51
88 2 356 58
88 2 360 106
88 2 364 35
88 2 368 63
88 2 372 109
88 2 376 47
88 2 381 68
88 2 385 110
88 2 390 63
88 2 394 69
88 2 399 136
88 2 404 70
88 2 409 92
88 2 414 120
88 2 420 105
88 2 425 48
88 2 431 148
88 2 436 77
88 2 442 77
88 2 448 148
88 2 455 79
88 2 461 61
88 2 468 145
88 2 474 58
88 2 481 77
88 2 489 115
88 2 496 71
88 2 504 71
88 2 512 427
88 2 516 57
88 2 524 64
88 2 528 58
88 2 537 55
88 2 539 67
88 2 550 53
88 2 555 45
88 2 564 92
88 2 569 52
88 2 579 64
88 2 585 67
88 2 595 51
88 2 601 68
88 2 612 67
88 2 618 56
88 2 630 76
88 2 636 64
88 2 648 73
88 2 655 69
88 2 668 84
88 2 675 61
88 2 689 82
88 2 697 89
88 2 720 87
88 2 728 70
88 2 736 88
88 2 744 81
88 2 762 102
88 2 771 78
88 2 789 103
88 2 799 93
88 2 819 98
88 2 829 100
88 2 851 104
88 2 862 92
88 2 885 109
88 2 897 105
88 2 923 98
88 2 936 96
88 2 962 115
88 2 978 107
88 2 1008 199
89 2 524 128
89 2 532 129
89 2 550 124
89 2 560 135
89 2 579 134
89 2 590 144
89 2 612 138
89 2 624 146
89 2 648 139
89 2 661 133
89 2 689 155
89 2 704 146
89 2 736 155
89 2 753 195
89 2 789 171
89 2 809 219
89 2 851 216
89 2 873 633
89 2 923 262
89 2 949 281
89 2 1008 296
90 2 524 347
90 2 560 340
90 2 579 370
90 2 624 365
90 2 648 394
90 2 704 330
90 2 736 415
90 2 809 839
90 2 851 547
90 2 949 590
90 2 1008 674
91 2 579 1593
91 2 624 1459
91 2 736 1786
91 2 809 2446
91 2 897 1219
91 2 1008 5313
92 2 579 11522
92 2 675 1836
92 2 809 6732
93 2 468 2
93 2 481 3
93 2 489 4
93 2 496 1
93 2 504 2
93 2 512 3
93 2 516 2
93 2 537 4
93 2 539 2
93 2 550 4
93 2 564 6
93 2 579 8
93 2 595 4
93 2 601 4
93 2 618 6
93 2 630 2
93 2 636 4
93 2 648 4
93 2 668 2
93 2 689 4
93 2 697 2
94 2 624 1
94 2 661 1
94 2 689 1
94 2 753 1
94 2 809 1
94 2 851 5
94 2 873 4
94 2 923 4
94 2 949 1
94 2 1008 8
95 2 524 4
95 2 736 1
95 2 809 1
95 2 949 2
95 2 1008 16
96 2 579 4
96 2 624 14
96 2 736 34
96 2 809 11
96 2 897 120
96 2 1008 44
97 2 579 140
98 2 341 23
98 2 344 2
98 2 348 19
98 2 352 1
98 2 356 3
98 2 360 19
98 2 364 10
98 2 368 5
98 2 372 21
98 2 376 7
98 2 381 19
98 2 385 17
98 2 390 11
98 2 394 21
98 2 399 31
98 2 404 12
98 2 409 7
98 2 414 45
98 2 420 23
98 2 425 11
98 2 431 69
98 2 436 768
98 2 442 43
98 2 448 97
98 2 455 38
98 2 461 75
98 2 468 62
98 2 474 55
98 2 481 796
98 2 489 91
98 2 496 46
98 2 504 48
98 2 512 54
98 2 516 67
98 2 524 34
98 2 528 63
98 2 537 68
98 2 539 32
98 2 550 69
98 2 555 66
98 2 564 46
98 2 569 77
98 2 579 56
98 2 585 417
98 2 595 84
98 2 601 68
98 2 612 95
98 2 618 51
98 2 630 252
98 2 636 70
98 2 648 71
98 2 655 94
98 2 668 71
98 2 675 81
98 2 689 99
98 2 697 101
98 2 720 91
98 2 728 96
98 2 736 104
98 2 744 87
98 2 762 488
98 2 771 115
98 2 789 142
98 2 799 125
98 2 819 132
98 2 829 141
98 2 851 165
98 2 862 205
98 2 885 127
98 2 897 154
98 2 923 155
98 2 936 143
98 2 962 190
98 2 978 145
98 2 1008 317
99 2 524 165
99 2 532 165
99 2 550 197
99 2 560 176
99 2 579 189
99 2 590 182
99 2 612 223
99 2 624 202
99 2 648 193
99 2 661 213
99 2 689 982
99 2 704 214
99 2 736 300
99 2 753 268
99 2 789 303
99 2 809 313
99 2 851 293
99 2 873 328
99 2 923 346
99 2 949 350
99 2 1008 375
100 2 524 434
100 2 560 385
100 2 579 611
100 2 624 701
100 2 648 711
100 2 704 722
100 2 736 804
100 2 809 971
100 2 851 1496
100 2 949 1164
100 2 1008 1817
101 2 579 2189
101 2 624 2530
101 2 736 3634
101 2 809 4477
101 2 897 2074
101 2 1008 5070
102 2 579 13471
102 2 675 1382
102 2 809 5029
103 2 256 6
103 2 258 2
103 2 260 6
103 2 262 9
103 2 264 5
103 2 266 20
103 2 268 13
103 2 270 17
103 2 273 17
103 2 275 19
103 2 277 35
103 2 280 15
103 2 282 23
103 2 284 20
103 2 287 25
103 2 289 22
103 2 292 12
103 2 295 21
103 2 297 27
103 2 300 15
103 2 303 13
103 2 306 20
103 2 309 14
103 2 312 17
103 2 315 12
103 2 318 19
103 2 321 22
103 2 324 10
103 2 327 19
103 2 330 22
103 2 334 20
103 2 337 12
103 2 341 26
103 2 344 19
103 2 348 20
103 2 352 16
103 2 356 20
103 2 360 24
103 2 364 24
103 2 368 24
103 2 372 33
103 2 376 26
103 2 381 24
103 2 385 42
103 2 390 26
103 2 394 35
103 2 399 42
103 2 404 27
103 2 409 41
103 2 414 32
103 2 420 41
103 2 425 38
103 2 431 405
103 2 436 40
103 2 442 27
103 2 448 37
103 2 455 39
103 2 461 38
103 2 468 44
103 2 474 30
103 2 481 35
103 2 489 42
103 2 496 33
103 2 504 45
103 2 516 37
103 2 524 45
103 2 532 43
103 2 539 46
103 2 550 69
103 2 560 41
103 2 569 47
103 2 579 42
103 2 590 44
103 2 601 40
103 2 612 35
103 2 624 50
103 2 636 42
103 2 648 44
103 2 661 44
103 2 675 44
103 2 689 47
103 2 704 52
103 2 720 39
103 2 736 59
103 2 753 46
103 2 771 60
103 2 789 67
103 2 809 58
103 2 829 73
103 2 851 88
103 2 873 110
103 2 897 62
103 2 923 72
103 2 950 51
103 2 978 56
103 2 1008 67
104 2 516 64
104 2 532 59
104 2 550 68
104 2 569 66
104 2 590 83
104 2 612 81
104 2 636 467
104 2 661 83
104 2 689 92
104 2 720 93
104 2 753 102
104 2 789 109
104 2 829 94
104 2 873 144
104 2 923 497
104 2 978 141
105 2 524 137
105 2 560 162
105 2 601 171
105 2 648 250
105 2 704 218
105 2 771 253
105 2 851 295
105 2 949 387
106 2 539 401
106 2 624 442
106 2 736 172
106 2 809 9
106 2 897 390
106 2 1008 92
107 2 579 219
107 2 675 75
107 2 809 208
108 2 256 235
108 2 258 50
108 2 260 51
108 2 262 53
108 2 264 68
108 2 266 56
108 2 268 74
108 2 270 43
108 2 273 53
108 2 275 81
108 2 277 80
108 2 280 50
108 2 282 63
108 2 284 82
108 2 287 69
108 2 289 70
108 2 292 58
108 2 295 94
108 2 297 74
108 2 300 446
108 2 303 92
108 2 306 82
108 2 309 77
108 2 312 85
108 2 315 99
108 2 318 90
108 2 321 93
108 2 324 73
108 2 327 94
108 2 330 89
108 2 334 101
108 2 337 74
108 2 341 88
108 2 344 96
108 2 348 89
108 2 352 74
108 2 356 106
108 2 360 97
108 2 364 85
108 2 368 87
108 2 372 72
108 2 376 105
108 2 381 80
108 2 385 83
108 2 390 80
108 2 394 93
108 2 399 87
108 2 404 95
108 2 409 90
108 2 414 75
108 2 420 103
108 2 425 78
108 2 431 101
108 2 436 96
108 2 442 109
108 2 448 91
108 2 455 143
108 2 461 129
108 2 468 114
108 2 474 127
108 2 481 68
108 2 489 82
108 2 496 100
108 2 504 76
108 2 516 92
108 2 524 70
108 2 532 88
108 2 539 92
108 2 550 108
108 2 560 145
108 2 569 90
108 2 579 93
108 2 590 102
108 2 601 95
108 2 612 80
108 2 624 111
108 2 636 103
108 2 648 98
108 2 661 94
108 2 675 98
108 2 689 107
108 2 704 119
108 2 720 104
108 2 736 475
108 2 753 140
108 2 771 112
108 2 789 158
108 2 809 149
108 2 829 167
108 2 851 140
108 2 873 144
108 2 897 151
108 2 923 134
108 2 950 157
108 2 978 150
108 2 1008 165
109 2 516 567
109 2 532 183
109 2 550 151
109 2 569 182
109 2 590 172
109 2 612 190
109 2 636 154
109 2 661 204
109 2 689 221
109 2 720 247
109 2 753 269
109 2 789 246
109 2 829 1005
109 2 873 261
109 2 923 685
109 2 978 276
110 2 524 286
110 2 560 340
110 2 601 410
110 2 648 454
110 2 704 503
110 2 771 1414
110 2 851 774
110 2 949 868
111 2 539 1450
111 2 624 1152
111 2 736 1158
111 2 809 472
111 2 897 2344
111 2 1008 3421
112 2 579 11444
112 2 675 1158
112 2 809 4946
113 0 385 29
113 0 390 58
113 0 689 88
113 0 704 44
113 0 720 44
113 0 736 88
113 0 753 132
113 0 771 89
113 0 789 177
113 0 809 178
113 0 829 177
113 0 851 222
113 0 873 353
113 0 897 398
113 0 923 706
113 0 950 574
113 0 978 92
113 0 1008 61
113 2 256 409
113 2 258 8
113 2 260 6
113 2 262 15
113 2 264 6
113 2 266 10
113 2 268 11
113 2 270 14
113 2 273 14
113 2 275 11
113 2 277 9
113 2 280 14
113 2 282 19
113 2 284 12
113 2 287 16
113 2 289 9
113 2 292 19
113 2 295 9
113 2 297 17
113 2 300 15
113 2 303 18
113 2 306 10
113 2 309 17
113 2 312 15
113 2 315 26
113 2 318 18
113 2 321 44
113 2 324 19
113 2 327 25
113 2 330 27
113 2 334 43
113 2 337 37
113 2 341 44
113 2 344 29
113 2 348 68
113 2 352 39
113 2 356 42
113 2 360 48
113 2 364 63
113 2 368 52
113 2 372 66
113 2 376 58
113 2 381 69
113 2 385 46
113 2 390 63
113 2 394 69
113 2 399 64
113 2 404 80
113 2 409 74
113 2 414 69
113 2 420 77
113 2 425 82
113 2 431 66
113 2 436 65
113 2 442 95
113 2 448 56
113 2 455 475
113 2 461 75
113 2 468 84
113 2 474 78
113 2 481 76
113 2 489 88
113 2 496 91
113 2 504 84
113 2 516 128
113 2 524 84
113 2 532 112
113 2 539 488
113 2 550 126
113 2 560 124
113 2 569 128
113 2 579 147
113 2 590 122
113 2 601 160
113 2 612 135
113 2 624 167
113 2 636 137
113 2 648 143
113 2 661 159
113 2 675 170
113 2 689 172
113 2 704 193
113 2 720 158
113 2 736 274
113 2 753 225
113 2 771 243
113 2 789 220
113 2 809 254
113 2 829 247
113 2 851 241
113 2 873 245
113 2 897 241
113 2 923 253
113 2 950 284
113 2 978 297
113 2 1008 288
114 0 516 93
114 0 532 149
114 0 550 106
114 0 569 210
114 0 590 169
114 0 612 265
114 0 636 279
114 0 661 589
114 0 689 1050
114 0 720 566
114 0 753 172
114 0 789 215
114 0 829 215
114 0 873 184
114 0 923 229
114 0 978 316
114 2 516 668
114 2 532 293
114 2 550 311
114 2 569 722
114 2 590 359
114 2 612 378
114 2 636 412
114 2 661 450
114 2 689 790
114 2 720 428
114 2 753 862
114 2 789 545
114 2 829 623
114 2 873 1064
114 2 923 690
114 2 978 719
115 0 524 330
115 0 560 330
115 0 601 464
115 0 648 566
115 0 704 879
115 0 771 1869
115 0 851 137
115 0 949 120
115 2 524 703
115 2 560 725
115 2 601 889
115 2 648 1042
115 2 704 1104
115 2 771 1266
115 2 851 2030
115 2 949 1971
116 0 539 168
116 0 624 228
116 0 736 408
116 0 897 1032
116 2 539 3427
116 2 624 3293
116 2 736 3340
116 2 809 1043
116 2 897 8187
116 2 1008 7532
117 2 579 22842
117 2 675 2674
117 2 809 8076
118 1 399 3
118 1 420 3
118 1 436 3
118 1 455 3
118 1 528 164
118 1 532 164
118 1 539 992
119 1 318 3
119 1 337 3
119 1 356 3
119 1 376 3
119 1 537 992
119 1 539 328
120 1 280 3
120 1 297 3
120 1 539 410
121 1 264 3
121 1 539 164
122 1 539 164
123 1 474 3
123 1 489 3
123 1 496 3
123 1 504 3
123 1 516 82
123 1 520 164
123 1 524 82
123 1 539 246
124 1 539 246
125 1 539 720
126 1 539 2690
127 1 539 2690
128 1 539 1718
129 1 539 1418
130 1 539 2
132 1 264 3
132 1 496 3
132 1 504 3
132 1 516 82
132 1 520 82
132 1 550 328
133 1 436 3
133 1 455 3
133 1 474 3
133 1 489 3
133 1 524 82
133 1 528 82
133 1 532 82
133 1 537 82
133 1 550 246
134 1 399 3
134 1 420 3
134 1 539 82
134 1 546 82
134 1 550 992
135 1 356 3
135 1 376 3
135 1 546 82
135 1 550 82
136 1 318 3
136 1 337 3
136 1 550 910
137 1 280 3
137 1 297 3
137 1 550 164
138 1 550 246
139 1 550 246
140 1 550 5698
141 1 550 1394
142 1 550 1296
143 1 550 1158
160 2 341 17
160 2 344 5
160 2 348 390
160 2 352 20
160 2 356 15
160 2 360 45
160 2 364 32
160 2 368 27
160 2 372 44
160 2 376 15
160 2 381 29
160 2 385 42
160 2 390 25
160 2 394 16
160 2 399 798
160 2 404 14
160 2 409 22
160 2 414 49
160 2 420 19
160 2 425 20
160 2 431 57
160 2 436 24
160 2 442 17
160 2 448 53
160 2 455 20
160 2 461 32
160 2 468 54
160 2 474 27
160 2 481 31
160 2 489 56
160 2 496 20
160 2 504 45
160 2 512 23
160 2 516 33
160 2 524 41
160 2 528 35
160 2 537 54
160 2 539 55
160 2 550 53
160 2 555 45
160 2 564 54
160 2 569 57
160 2 579 434
160 2 585 60
160 2 595 60
160 2 601 68
160 2 612 34
160 2 618 65
160 2 630 460
160 2 636 59
160 2 648 76
160 2 655 76
160 2 668 80
160 2 675 68
160 2 689 72
160 2 697 83
160 2 720 77
160 2 728 76
160 2 736 76
160 2 744 100
160 2 762 67
160 2 771 87
160 2 789 75
160 2 799 87
160 2 819 74
160 2 829 99
160 2 851 88
160 2 862 94
160 2 885 107
160 2 897 115
160 2 923 492
160 2 936 127
160 2 962 147
160 2 978 173
160 2 1008 296
161 2 524 162
161 2 532 362
161 2 550 178
161 2 560 159
161 2 579 154
161 2 590 282
161 2 612 192
161 2 624 169
161 2 648 195
161 2 661 223
161 2 689 209
161 2 704 258
161 2 736 246
161 2 753 294
161 2 789 279
161 2 809 193
161 2 851 597
161 2 873 277
161 2 923 223
161 2 949 618
161 2 1008 308
162 2 524 1053
162 2 560 371
162 2 579 787
162 2 624 484
162 2 648 398
162 2 704 799
162 2 736 447
162 2 809 527
162 2 851 897
162 2 949 1053
162 2 1008 691
163 2 579 1569
163 2 624 1821
163 2 736 1150
163 2 809 1586
163 2 897 116
163 2 1008 1229
164 2 579 1870
164 2 809 290
165 2 341 375
165 2 344 100
165 2 348 162
165 2 352 65
165 2 356 105
165 2 360 163
165 2 364 89
165 2 368 123
165 2 372 191
165 2 376 94
165 2 381 103
165 2 385 247
165 2 390 76
165 2 394 151
165 2 399 238
165 2 404 147
165 2 409 120
165 2 414 300
165 2 420 129
165 2 425 153
165 2 431 265
165 2 436 176
165 2 442 133
165 2 448 646
165 2 455 140
165 2 461 138
165 2 468 273
165 2 474 143
165 2 481 149
165 2 489 267
165 2 496 170
165 2 504 167
165 2 512 124
165 2 516 168
165 2 524 150
165 2 528 136
165 2 537 144
165 2 539 138
165 2 550 122
165 2 555 138
165 2 564 138
165 2 569 494
165 2 579 139
165 2 585 126
165 2 595 126
165 2 601 126
165 2 612 135
165 2 618 153
165 2 630 123
165 2 636 572
165 2 648 164
165 2 655 201
165 2 668 155
165 2 675 164
165 2 689 182
165 2 697 152
165 2 720 205
165 2 728 186
165 2 736 172
165 2 744 566
165 2 762 195
165 2 771 250
165 2 789 207
165 2 799 217
165 2 819 243
165 2 829 226
165 2 851 269
165 2 862 286
165 2 885 234
165 2 897 242
165 2 923 697
165 2 936 296
165 2 962 243
165 2 978 296
165 2 1008 580
166 2 524 289
166 2 532 384
166 2 550 1103
166 2 560 354
166 2 579 381
166 2 590 393
166 2 612 406
166 2 624 816
166 2 648 412
166 2 661 369
166 2 689 392
166 2 704 379
166 2 736 455
166 2 753 395
166 2 789 412
166 2 809 590
166 2 851 894
166 2 873 570
166 2 923 888
166 2 949 507
166 2 1008 611
167 2 524 980
167 2 560 929
167 2 579 596
167 2 624 610
167 2 648 703
167 2 704 1157
167 2 736 950
167 2 809 1088
167 2 851 1579
167 2 949 2820
167 2 1008 1517
168 2 579 3607
168 2 624 3681
168 2 736 3753
168 2 809 4255
168 2 897 2861
168 2 1008 4723
169 2 579 16509
169 2 675 1522
169 2 809 4768
170 2 341 88
170 2 344 14
170 2 348 40
170 2 352 16
170 2 356 45
170 2 360 28
170 2 364 32
170 2 368 10
170 2 372 434
170 2 376 14
170 2 381 27
170 2 385 60
170 2 390 25
170 2 394 23
170 2 399 43
170 2 404 21
170 2 409 25
170 2 414 462
170 2 420 23
170 2 425 61
170 2 431 126
170 2 436 33
170 2 442 85
170 2 448 145
170 2 455 326
170 2 461 220
170 2 468 153
170 2 474 437
170 2 481 78
170 2 489 151
170 2 496 88
170 2 504 73
170 2 512 90
170 2 516 55
170 2 524 99
170 2 528 61
170 2 537 70
170 2 539 73
170 2 550 84
170 2 555 91
170 2 564 89
170 2 569 94
170 2 579 93
170 2 585 91
170 2 595 128
170 2 601 80
170 2 612 148
170 2 618 117
170 2 630 139
170 2 636 139
170 2 648 126
170 2 655 152
170 2 668 111
170 2 675 166
170 2 689 136
170 2 697 179
170 2 720 166
170 2 728 169
170 2 736 159
170 2 744 168
170 2 762 191
170 2 771 590
170 2 789 212
170 2 799 190
170 2 819 219
170 2 829 206
170 2 851 199
170 2 862 221
170 2 885 595
170 2 897 243
170 2 923 287
170 2 936 325
170 2 962 241
170 2 978 214
170 2 1008 537
171 2 524 262
171 2 532 302
171 2 550 708
171 2 560 338
171 2 579 345
171 2 590 325
171 2 612 349
171 2 624 506
171 2 648 341
171 2 661 386
171 2 689 429
171 2 704 1606
171 2 736 836
171 2 753 704
171 2 789 591
171 2 809 608
171 2 851 581
171 2 873 625
171 2 923 687
171 2 949 914
171 2 1008 719
172 2 524 1221
172 2 560 956
172 2 579 1054
172 2 624 1049
172 2 648 1583
172 2 704 1723
172 2 736 2652
172 2 809 2500
172 2 851 2523
172 2 949 3144
172 2 1008 2770
173 2 579 3466
173 2 624 6326
173 2 736 10831
173 2 809 9731
173 2 897 3398
173 2 1008 10191
174 2 579 26400
174 2 675 2111
174 2 809 6600
175 2 341 13
175 2 344 7
175 2 348 10
175 2 352 7
175 2 356 11
175 2 360 26
175 2 364 8
175 2 368 16
175 2 372 24
175 2 376 12
175 2 381 19
175 2 385 18
175 2 390 18
175 2 394 9
175 2 399 25
175 2 404 11
175 2 409 12
175 2 414 26
175 2 420 18
175 2 425 10
175 2 431 47
175 2 436 6
175 2 442 17
175 2 448 47
175 2 455 13
175 2 461 25
175 2 468 31
175 2 474 36
175 2 481 32
175 2 489 61
175 2 496 19
175 2 504 27
175 2 512 22
175 2 516 43
175 2 524 22
175 2 528 28
175 2 537 44
175 2 539 22
175 2 550 31
175 2 555 39
175 2 564 23
175 2 569 37
175 2 579 39
175 2 585 28
175 2 595 51
175 2 601 24
175 2 612 36
175 2 618 41
175 2 630 44
175 2 636 24
175 2 648 53
175 2 655 28
175 2 668 46
175 2 675 37
175 2 689 31
175 2 697 46
175 2 720 62
175 2 728 28
175 2 736 42
175 2 744 57
175 2 762 40
175 2 771 66
175 2 789 52
175 2 799 72
175 2 819 41
175 2 829 43
175 2 851 37
175 2 862 66
175 2 885 61
175 2 897 74
175 2 923 61
175 2 936 67
175 2 962 52
175 2 978 47
175 2 1008 96
176 2 524 59
176 2 532 60
176 2 550 65
176 2 560 68
176 2 579 70
176 2 590 78
176 2 612 84
176 2 624 84
176 2 648 80
176 2 661 78
176 2 689 96
176 2 704 96
176 2 736 494
176 2 753 492
176 2 789 121
176 2 809 487
176 2 851 142
176 2 873 504
176 2 923 127
176 2 949 148
176 2 1008 134
177 2 524 125
177 2 560 145
177 2 579 132
177 2 624 130
177 2 648 159
177 2 704 189
177 2 736 291
177 2 809 203
177 2 851 592
177 2 949 209
177 2 1008 254
178 2 579 307
178 2 624 377
178 2 736 610
178 2 809 646
178 2 897 101
178 2 1008 283
179 2 579 805
179 2 809 6
180 2 341 671
180 2 344 58
180 2 348 121
180 2 352 56
180 2 356 58
180 2 360 135
180 2 364 55
180 2 368 57
180 2 372 146
180 2 376 50
180 2 381 77
180 2 385 517
180 2 390 62
180 2 394 73
180 2 399 139
180 2 404 71
180 2 409 82
180 2 414 515
180 2 420 66
180 2 425 75
180 2 431 134
180 2 436 82
180 2 442 65
180 2 448 158
180 2 455 53
180 2 461 92
180 2 468 131
180 2 474 91
180 2 481 63
180 2 489 122
180 2 496 62
180 2 504 65
180 2 512 78
180 2 516 62
180 2 524 68
180 2 528 55
180 2 537 62
180 2 539 69
180 2 550 72
180 2 555 70
180 2 564 63
180 2 569 69
180 2 579 66
180 2 585 63
180 2 595 81
180 2 601 56
180 2 612 75
180 2 618 76
180 2 630 77
180 2 636 44
180 2 648 105
180 2 655 37
180 2 668 109
180 2 675 49
180 2 689 89
180 2 697 92
180 2 720 103
180 2 728 92
180 2 736 107
180 2 744 124
180 2 762 109
180 2 771 150
180 2 789 88
180 2 799 72
180 2 819 102
180 2 829 113
180 2 851 95
180 2 862 102
180 2 885 88
180 2 897 90
180 2 923 105
180 2 936 470
180 2 962 134
180 2 978 118
180 2 1008 252
181 2 524 113
181 2 532 143
181 2 550 155
181 2 560 138
181 2 579 180
181 2 590 140
181 2 612 153
181 2 624 155
181 2 648 167
181 2 661 187
181 2 689 199
181 2 704 555
181 2 736 197
181 2 753 211
181 2 789 222
181 2 809 205
181 2 851 213
181 2 873 235
181 2 923 256
181 2 949 252
181 2 1008 676
182 2 524 307
182 2 560 340
182 2 579 374
182 2 624 741
182 2 648 366
182 2 704 371
182 2 736 377
182 2 809 440
182 2 851 600
182 2 949 585
182 2 1008 684
183 2 579 1105
183 2 624 1345
183 2 736 1755
183 2 809 2277
183 2 897 1772
183 2 1008 5350
184 2 579 17886
184 2 675 1092
184 2 809 2467
185 2 341 9
185 2 344 3
185 2 348 7
185 2 352 6
185 2 356 5
185 2 360 14
185 2 364 6
185 2 368 7
185 2 372 15
185 2 376 13
185 2 381 6
185 2 385 18
185 2 390 13
185 2 394 5
185 2 399 18
185 2 404 16
185 2 409 10
185 2 414 33
185 2 420 18
185 2 425 9
185 2 431 32
185 2 436 30
185 2 442 21
185 2 448 29
185 2 455 45
185 2 461 22
185 2 468 59
185 2 474 38
185 2 481 30
185 2 489 72
185 2 496 36
185 2 504 36
185 2 512 28
185 2 516 56
185 2 524 47
185 2 528 32
185 2 537 63
185 2 539 51
185 2 550 36
185 2 555 58
185 2 564 40
185 2 569 63
185 2 579 42
185 2 585 60
185 2 595 59
185 2 601 58
185 2 612 72
185 2 618 51
185 2 630 80
185 2 636 62
185 2 648 80
185 2 655 78
185 2 668 71
185 2 675 76
185 2 689 87
185 2 697 74
185 2 720 69
185 2 728 92
185 2 736 100
185 2 744 79
185 2 762 463
185 2 771 93
185 2 789 114
185 2 799 105
185 2 819 117
185 2 829 111
185 2 851 114
185 2 862 119
185 2 885 135
185 2 897 124
185 2 923 126
185 2 936 156
185 2 962 114
185 2 978 169
185 2 1008 304
186 2 524 177
186 2 532 528
186 2 550 184
186 2 560 195
186 2 579 199
186 2 590 189
186 2 612 220
186 2 624 223
186 2 648 246
186 2 661 297
186 2 689 301
186 2 704 338
186 2 736 353
186 2 753 388
186 2 789 665
186 2 809 320
186 2 851 333
186 2 873 349
186 2 923 1127
186 2 949 366
186 2 1008 792
187 2 524 1169
187 2 560 510
187 2 579 531
187 2 624 585
187 2 648 709
187 2 704 744
187 2 736 853
187 2 809 1384
187 2 851 1171
187 2 949 1507
187 2 1008 1718
188 2 579 1798
188 2 624 2403
188 2 736 3767
188 2 809 4356
188 2 897 2985
188 2 1008 6552
189 2 579 18253
189 2 675 997
189 2 809 4369
190 0 574 42
191 0 574 1596
192 0 574 5166
193 1 574 480
194 1 574 64
195 2 574 1056
196 2 574 64
197 2 574 4018
198 2 574 28
199 2 574 28
200 2 574 1610
201 1 574 42
202 1 574 42
203 1 574 1582
205 0 512 5826
206 0 512 5826
207 0 512 5826
208 0 512 5826
209 0 512 5826
210 0 512 5826
211 0 512 5826
212 0 512 5826
213 0 512 5826
214 0 512 5826
215 0 512 5826
216 0 512 11652
217 0 512 5826
218 0 512 5826
220 2 256 98
220 2 258 115
220 2 260 112
220 2 262 94
220 2 264 67
220 2 266 101
220 2 268 152
220 2 270 153
220 2 273 100
220 2 275 130
220 2 277 278
220 2 280 209
220 2 282 143
220 2 284 208
220 2 287 140
220 2 289 122
220 2 292 175
220 2 295 143
220 2 297 121
220 2 300 183
220 2 303 160
220 2 306 165
220 2 309 145
220 2 312 143
220 2 315 235
220 2 318 123
220 2 321 151
220 2 324 185
220 2 327 220
220 2 330 272
220 2 334 151
220 2 337 201
220 2 341 299
220 2 344 240
220 2 348 228
220 2 352 367
220 2 356 212
220 2 360 243
220 2 364 294
220 2 368 280
220 2 372 208
220 2 376 207
220 2 381 176
220 2 385 250
220 2 390 359
220 2 394 347
220 2 399 268
220 2 404 248
220 2 409 386
220 2 414 303
220 2 420 362
220 2 425 376
220 2 431 401
220 2 436 342
220 2 442 313
220 2 448 383
220 2 455 382
220 2 461 319
220 2 468 361
220 2 474 926
220 2 481 463
220 2 489 388
220 2 496 472
220 2 504 711
220 2 512 234
220 2 516 267
220 2 520 267
220 2 524 227
220 2 528 181
220 2 532 244
220 2 537 158
220 2 539 214
220 2 546 194
220 2 550 293
220 2 555 307
220 2 560 222
220 2 564 421
220 2 569 246
220 2 574 269
220 2 579 256
220 2 585 234
220 2 590 558
220 2 595 369
220 2 601 242
220 2 606 234
220 2 612 266
220 2 618 295
220 2 624 260
220 2 630 292
220 2 636 235
220 2 642 282
220 2 648 273
220 2 655 272
220 2 661 410
220 2 668 417
220 2 675 432
220 2 682 409
220 2 689 312
220 2 697 342
220 2 704 458
220 2 720 356
220 2 728 736
220 2 736 344
220 2 744 418
220 2 753 384
220 2 762 395
220 2 771 306
220 2 780 414
220 2 789 502
220 2 799 433
220 2 809 617
220 2 819 482
220 2 829 409
220 2 840 345
220 2 851 393
220 2 862 526
220 2 873 402
220 2 885 564
220 2 897 513
220 2 910 539
220 2 923 1049
220 2 936 782
220 2 950 659
220 2 962 719
220 2 978 722
220 2 992 479
220 2 1008 1137
221 2 516 588
221 2 524 661
221 2 532 515
221 2 539 824
221 2 550 806
221 2 560 778
221 2 569 882
221 2 579 586
221 2 590 847
221 2 601 769
221 2 612 644
221 2 624 706
221 2 636 985
221 2 648 802
221 2 661 1060
221 2 675 868
221 2 689 932
221 2 704 781
221 2 720 1052
221 2 736 1000
221 2 753 997
221 2 771 1117
221 2 789 1004
221 2 809 1037
221 2 829 1159
221 2 851 1170
221 2 873 1115
221 2 897 1185
221 2 923 1283
221 2 949 1295
221 2 978 1305
221 2 1008 1339
222 2 524 1403
222 2 539 1768
222 2 560 1375
222 2 579 1647
222 2 601 1588
222 2 624 1807
222 2 648 1820
222 2 675 1814
222 2 704 1784
222 2 736 2207
222 2 771 2309
222 2 809 2201
222 2 851 2455
222 2 897 2600
222 2 949 2020
222 2 1008 2474
223 2 539 3007
223 2 579 2675
223 2 624 3362
223 2 675 3051
223 2 736 3755
223 2 809 3416
223 2 897 4914
223 2 1008 5499
224 2 579 5956
224 2 675 7656
224 2 809 9045
224 2 1008 28414
225 2 256 216
225 2 258 218
225 2 260 1014
225 2 262 246
225 2 264 373
225 2 266 308
225 2 268 592
225 2 270 297
225 2 273 427
225 2 275 271
225 2 277 314
225 2 280 252
225 2 282 324
225 2 284 511
225 2 287 322
225 2 289 392
225 2 292 393
225 2 295 359
225 2 297 311
225 2 300 438
225 2 303 296
225 2 306 1068
225 2 309 521
225 2 312 538
225 2 315 484
225 2 318 976
225 2 321 388
225 2 324 384
225 2 327 378
225 2 330 498
225 2 334 416
225 2 337 600
225 2 341 443
225 2 344 445
225 2 348 502
225 2 352 544
225 2 356 924
225 2 360 524
225 2 364 937
225 2 368 793
225 2 372 614
225 2 376 648
225 2 381 968
225 2 385 751
225 2 390 738
225 2 394 655
225 2 399 1206
225 2 404 656
225 2 409 803
225 2 414 1047
225 2 420 872
225 2 425 1555
225 2 431 1183
225 2 436 1316
225 2 442 1307
225 2 448 920
225 2 455 818
225 2 461 1385
225 2 468 1739
225 2 474 1143
225 2 481 1525
225 2 489 2054
225 2 496 1540
225 2 504 1897
225 2 512 629
225 2 516 781
225 2 520 446
225 2 524 602
225 2 528 849
225 2 532 584
225 2 537 808
225 2 539 536
225 2 546 731
225 2 550 592
225 2 555 577
225 2 560 670
225 2 564 1292
225 2 569 1207
225 2 574 1663
225 2 579 1134
225 2 585 707
225 2 590 936
225 2 595 795
225 2 601 712
225 2 606 842
225 2 612 1142
225 2 618 852
225 2 624 1137
225 2 630 1021
225 2 636 847
225 2 642 901
225 2 648 777
225 2 655 901
225 2 661 977
225 2 668 988
225 2 675 922
225 2 682 2248
225 2 689 1349
225 2 697 1297
225 2 704 1402
225 2 720 1128
225 2 728 2305
225 2 736 1310
225 2 744 1396
225 2 753 2406
225 2 762 1346
225 2 771 1178
225 2 780 1175
225 2 789 1271
225 2 799 1243
225 2 809 2614
225 2 819 1591
225 2 829 1807
225 2 840 1923
225 2 851 1655
225 2 862 1756
225 2 873 1604
225 2 885 2530
225 2 897 1629
225 2 910 1623
225 2 923 1521
225 2 936 2348
225 2 950 1634
225 2 962 1625
225 2 978 1724
225 2 992 2138
225 2 1008 5196
226 2 516 2523
226 2 524 2299
226 2 532 2299
226 2 539 3497
226 2 550 2290
226 2 560 1844
226 2 569 2610
226 2 579 2378
226 2 590 3931
226 2 601 3958
226 2 612 2390
226 2 624 2975
226 2 636 3675
226 2 648 2328
226 2 661 3353
226 2 675 3029
226 2 689 2719
226 2 704 3845
226 2 720 3673
226 2 736 5346
226 2 753 3274
226 2 771 3479
226 2 789 4414
226 2 809 3437
226 2 829 4104
226 2 851 4965
226 2 873 5740
226 2 897 3982
226 2 923 5726
226 2 949 4284
226 2 978 4721
226 2 1008 6321
227 2 524 8069
227 2 539 4956
227 2 560 5860
227 2 579 4626
227 2 601 6862
227 2 624 6494
227 2 648 8368
227 2 675 6739
227 2 704 6902
227 2 736 8372
227 2 771 10010
227 2 809 8130
227 2 851 9793
227 2 897 9277
227 2 949 10873
227 2 1008 10173
228 2 539 12246
228 2 579 10276
228 2 624 12841
228 2 675 12848
228 2 736 16185
228 2 809 16085
228 2 897 20501
228 2 1008 21703
229 2 579 22725
229 2 675 28417
229 2 809 30329
229 2 1008 100574
235 2 256 20
235 2 258 17
235 2 260 27
235 2 262 14
235 2 264 26
235 2 266 22
235 2 268 22
235 2 270 32
235 2 273 20
235 2 275 25
235 2 277 28
235 2 280 27
235 2 282 15
235 2 284 32
235 2 287 28
235 2 289 21
235 2 292 25
235 2 295 22
235 2 297 20
235 2 300 27
235 2 303 34
235 2 306 31
235 2 309 33
235 2 312 22
235 2 315 24
235 2 318 28
235 2 321 26
235 2 324 27
235 2 327 20
235 2 330 34
235 2 334 42
235 2 337 43
235 2 341 32
235 2 344 24
235 2 348 25
235 2 352 37
235 2 356 43
235 2 360 37
235 2 364 31
235 2 368 33
235 2 372 37
235 2 376 37
235 2 381 23
235 2 385 34
235 2 390 34
235 2 394 48
235 2 399 51
235 2 404 37
235 2 409 32
235 2 414 60
235 2 420 34
235 2 425 47
235 2 431 35
235 2 436 54
235 2 442 37
235 2 448 49
235 2 455 57
235 2 461 33
235 2 468 55
235 2 474 74
235 2 481 55
235 2 489 54
235 2 496 63
235 2 504 50
235 2 512 22
235 2 516 73
235 2 520 107
235 2 524 40
235 2 528 30
235 2 532 34
235 2 537 19
235 2 539 23
235 2 546 32
235 2 550 110
235 2 555 40
235 2 560 36
235 2 564 59
235 2 569 33
235 2 574 52
235 2 579 37
235 2 585 32
235 2 590 36
235 2 595 35
235 2 601 28
235 2 606 27
235 2 612 36
235 2 618 64
235 2 624 49
235 2 630 47
235 2 636 57
235 2 642 44
235 2 648 47
235 2 655 47
235 2 661 54
235 2 668 67
235 2 675 50
235 2 682 49
235 2 689 58
235 2 697 52
235 2 704 60
235 2 720 146
235 2 728 184
235 2 736 157
235 2 744 86
235 2 753 71
235 2 762 81
235 2 771 56
235 2 780 61
235 2 789 95
235 2 799 145
235 2 809 87
235 2 819 76
235 2 829 95
235 2 840 90
235 2 851 82
235 2 862 90
235 2 873 94
235 2 885 116
235 2 897 125
235 2 910 192
235 2 923 178
235 2 936 207
235 2 950 163
235 2 962 90
235 2 978 95
235 2 992 147
235 2 1008 317
236 2 516 158
236 2 524 425
236 2 532 209
236 2 539 204
236 2 550 227
236 2 560 352
236 2 569 182
236 2 579 182
236 2 590 260
236 2 601 353
236 2 612 255
236 2 624 309
236 2 636 338
236 2 648 301
236 2 661 354
236 2 675 295
236 2 689 224
236 2 704 743
236 2 720 346
236 2 736 542
236 2 753 440
236 2 771 404
236 2 789 462
236 2 809 331
236 2 829 529
236 2 851 491
236 2 873 508
236 2 897 850
236 2 923 541
236 2 949 564
236 2 978 571
236 2 1008 540
237 2 524 1126
237 2 539 814
237 2 560 684
237 2 579 1264
237 2 601 656
237 2 624 1073
237 2 648 884
237 2 675 823
237 2 704 714
237 2 736 1231
237 2 771 1242
237 2 809 1074
237 2 851 1085
237 2 897 1538
237 2 949 1531
237 2 1008 1151
238 2 539 1820
238 2 579 1258
238 2 624 2287
238 2 675 1348
238 2 736 2446
238 2 809 1654
238 2 897 2722
238 2 1008 2969
239 2 579 3473
239 2 675 4359
239 2 809 4687
239 2 1008 16026
240 2 256 2
240 2 258 4
240 2 260 1
240 2 262 4
240 2 266 3
240 2 268 4
240 2 270 10
240 2 275 5
240 2 277 8
240 2 280 12
240 2 282 10
240 2 284 4
240 2 287 4
240 2 289 2
240 2 292 1
240 2 295 9
240 2 297 4
240 2 300 8
240 2 303 3
240 2 306 6
240 2 309 1
240 2 312 6
240 2 318 2
240 2 321 2
240 2 324 7
240 2 327 10
240 2 330 18
240 2 334 6
240 2 337 8
240 2 341 8
240 2 344 2
240 2 348 1
240 2 352 12
240 2 356 8
240 2 360 14
240 2 364 3
240 2 368 11
240 2 372 2
240 2 376 3
240 2 381 15
240 2 385 1
240 2 390 12
240 2 394 19
240 2 399 18
240 2 404 20
240 2 409 4
240 2 414 22
240 2 420 15
240 2 425 7
240 2 431 18
240 2 436 24
240 2 442 23
240 2 448 12
240 2 455 10
240 2 461 11
240 2 468 22
240 2 474 33
240 2 481 28
240 2 489 17
240 2 496 17
240 2 504 26
240 2 512 7
240 2 516 29
240 2 520 22
240 2 524 11
240 2 528 11
240 2 532 8
240 2 537 11
240 2 539 8
240 2 546 14
240 2 550 5
240 2 555 22
240 2 560 17
240 2 564 24
240 2 569 16
240 2 574 22
240 2 579 17
240 2 585 7
240 2 590 9
240 2 595 22
240 2 601 20
240 2 606 13
240 2 612 36
240 2 618 41
240 2 624 11
240 2 630 15
240 2 636 17
240 2 642 22
240 2 648 26
240 2 655 18
240 2 661 261
240 2 668 33
240 2 675 33
240 2 682 41
240 2 689 29
240 2 697 34
240 2 704 35
240 2 720 37
240 2 728 121
240 2 736 44
240 2 744 42
240 2 753 47
240 2 762 71
240 2 771 38
240 2 780 48
240 2 789 65
240 2 799 60
240 2 809 76
240 2 819 51
240 2 829 46
240 2 840 50
240 2 851 94
240 2 862 105
240 2 873 99
240 2 885 71
240 2 897 92
240 2 910 85
240 2 923 78
240 2 936 97
240 2 950 108
240 2 962 90
240 2 978 78
240 2 992 99
240 2 1008 304
241 2 516 129
241 2 524 143
241 2 532 107
241 2 539 138
241 2 550 178
241 2 560 156
241 2 569 122
241 2 579 140
241 2 590 210
241 2 601 205
241 2 612 164
241 2 624 197
241 2 636 275
241 2 648 173
241 2 661 213
241 2 675 187
241 2 689 174
241 2 704 294
241 2 720 210
241 2 736 255
241 2 753 314
241 2 771 339
241 2 789 298
241 2 809 215
241 2 829 362
241 2 851 714
241 2 873 355
241 2 897 513
241 2 923 400
241 2 949 359
241 2 978 515
241 2 1008 422
242 2 524 569
242 2 539 673
242 2 560 547
242 2 579 644
242 2 601 562
242 2 624 783
242 2 648 830
242 2 675 717
242 2 704 605
242 2 736 952
242 2 771 1162
242 2 809 1242
242 2 851 879
242 2 897 1342
242 2 949 1032
242 2 1008 1021
243 2 539 2091
243 2 579 947
243 2 624 2121
243 2 675 1524
243 2 736 2192
243 2 809 1434
243 2 897 2516
243 2 1008 3105
244 2 579 2922
244 2 675 3379
244 2 809 3827
244 2 1008 13513
245 2 256 98
245 2 258 262
245 2 260 185
245 2 262 328
245 2 264 194
245 2 266 293
245 2 268 356
245 2 270 256
245 2 273 216
245 2 275 198
245 2 277 257
245 2 280 310
245 2 282 246
245 2 284 284
245 2 287 202
245 2 289 252
245 2 292 287
245 2 295 513
245 2 297 234
245 2 300 333
245 2 303 195
245 2 306 256
245 2 309 291
245 2 312 331
245 2 315 270
245 2 318 340
245 2 321 451
245 2 324 363
245 2 327 394
245 2 330 475
245 2 334 254
245 2 337 281
245 2 341 653
245 2 344 1700
245 2 348 499
245 2 352 378
245 2 356 780
245 2 360 374
245 2 364 629
245 2 368 915
245 2 372 629
245 2 376 654
245 2 381 857
245 2 385 968
245 2 390 1180
245 2 394 1114
245 2 399 23784
245 2 404 1546
245 2 409 1021
245 2 414 1647
245 2 420 1358
245 2 425 1683
245 2 431 22896
245 2 436 1866
245 2 442 1077
245 2 448 1391
245 2 455 1543
245 2 461 2112
245 2 468 23846
245 2 474 1694
245 2 481 1886
245 2 489 2009
245 2 496 1823
245 2 504 2066
245 2 512 22752
245 2 516 1017
245 2 520 785
245 2 524 1158
245 2 528 8976
245 2 532 954
245 2 537 1318
245 2 539 808
245 2 546 1018
245 2 550 697
245 2 555 1413
245 2 560 23519
245 2 564 1138
245 2 569 889
245 2 574 2028
245 2 579 1518
245 2 585 1394
245 2 590 1648
245 2 595 1183
245 2 601 1850
245 2 606 1851
245 2 612 1377
245 2 618 23659
245 2 624 1648
245 2 630 1750
245 2 636 1026
245 2 642 1306
245 2 648 1327
245 2 655 1432
245 2 661 2061
245 2 668 1504
245 2 675 1483
245 2 682 23885
245 2 689 1477
245 2 697 2336
245 2 704 1810
245 2 720 2691
245 2 728 3397
245 2 736 1928
245 2 744 2092
245 2 753 23712
245 2 762 1660
245 2 771 1717
245 2 780 1821
245 2 789 1541
245 2 799 2563
245 2 809 1769
245 2 819 1910
245 2 829 2632
245 2 840 25648
245 2 851 2412
245 2 862 2896
245 2 873 1901
245 2 885 2062
245 2 897 3024
245 2 910 2371
245 2 923 2478
245 2 936 10696
245 2 950 24499
245 2 962 2997
245 2 978 3612
245 2 992 2921
245 2 1008 7413
246 2 516 4465
246 2 524 3906
246 2 532 27268
246 2 539 3302
246 2 550 3812
246 2 560 12052
246 2 569 3416
246 2 579 3811
246 2 590 4446
246 2 601 27385
246 2 612 5066
246 2 624 4188
246 2 636 6240
246 2 648 4471
246 2 661 5726
246 2 675 6003
246 2 689 29051
246 2 704 6096
246 2 720 15139
246 2 736 6446
246 2 753 6885
246 2 771 8239
246 2 789 7630
246 2 809 30126
246 2 829 9448
246 2 851 16019
246 2 873 7224
246 2 897 10234
246 2 923 8567
246 2 949 31952
246 2 978 10027
246 2 1008 9342
247 2 524 12172
247 2 539 11530
247 2 560 34609
247 2 579 11438
247 2 601 11410
247 2 624 21226
247 2 648 12628
247 2 675 35765
247 2 704 11283
247 2 736 23512
247 2 771 18799
247 2 809 17850
247 2 851 38398
247 2 897 22053
247 2 949 17455
247 2 1008 25397
248 2 539 46778
248 2 579 28561
248 2 624 38003
248 2 675 46346
248 2 736 34193
248 2 809 35533
248 2 897 68742
248 2 1008 44500
249 2 579 63144
249 2 675 82340
249 2 809 65459
249 2 1008 280426
250 2 260 4
250 2 262 4
250 2 264 12
250 2 266 8
250 2 268 4
250 2 270 4
250 2 275 8
250 2 277 16
250 2 282 12
250 2 284 4
250 2 287 4
250 2 289 4
250 2 292 4
250 2 300 8
250 2 303 4
250 2 309 4
250 2 315 20
250 2 321 16
250 2 324 4
250 2 327 4
250 2 330 8
250 2 334 8
250 2 337 16
250 2 341 4
250 2 344 4
250 2 352 4
250 2 356 8
250 2 364 4
250 2 368 8
250 2 372 16
250 2 376 12
250 2 381 16
250 2 385 8
250 2 390 8
250 2 394 12
250 2 399 12
250 2 404 4
250 2 409 16
250 2 414 4
250 2 420 8
250 2 425 12
250 2 431 12
250 2 436 8
250 2 442 12
250 2 448 24
250 2 455 8
250 2 461 24
250 2 468 16
250 2 474 8
250 2 481 12
250 2 489 8
250 2 496 4
250 2 504 24
250 2 512 12
250 2 516 4
250 2 520 8
250 2 524 8
250 2 528 8
250 2 532 20
250 2 537 12
250 2 539 12
250 2 546 16
250 2 550 12
250 2 555 16
250 2 560 240
250 2 564 16
250 2 569 36
250 2 574 4
250 2 579 20
250 2 585 12
250 2 590 8
250 2 595 24
250 2 601 16
250 2 606 48
250 2 612 20
250 2 618 36
250 2 624 12
250 2 630 32
250 2 636 28
250 2 642 24
250 2 648 32
250 2 655 52
250 2 661 32
250 2 668 28
250 2 675 24
250 2 682 20
250 2 689 20
250 2 697 56
250 2 704 20
250 2 720 60
250 2 728 52
250 2 736 40
250 2 744 48
250 2 753 56
250 2 762 52
250 2 771 60
250 2 780 48
250 2 789 76
250 2 799 44
250 2 809 24
250 2 819 52
250 2 829 72
250 2 840 52
250 2 851 88
250 2 862 72
250 2 873 44
250 2 885 92
250 2 897 108
250 2 910 464
250 2 923 96
250 2 936 108
250 2 950 60
250 2 962 68
250 2 978 64
250 2 992 80
250 2 1008 168
251 2 516 96
251 2 524 124
251 2 532 128
251 2 539 120
251 2 550 88
251 2 560 112
251 2 569 80
251 2 579 96
251 2 590 116
251 2 601 116
251 2 612 112
251 2 624 548
251 2 636 192
251 2 648 128
251 2 661 124
251 2 675 108
251 2 689 100
251 2 704 172
251 2 720 104
251 2 736 172
251 2 753 228
251 2 771 160
251 2 789 148
251 2 809 104
251 2 829 244
251 2 851 144
251 2 873 188
251 2 897 280
251 2 923 176
251 2 949 180
251 2 978 220
251 2 1008 216
252 2 524 248
252 2 539 316
252 2 560 244
252 2 579 240
252 2 601 228
252 2 624 332
252 2 648 400
252 2 675 660
252 2 704 284
252 2 736 360
252 2 771 444
252 2 809 356
252 2 851 308
252 2 897 556
252 2 949 416
252 2 1008 396
253 2 539 660
253 2 579 436
253 2 624 764
253 2 675 568
253 2 736 1260
253 2 809 648
253 2 897 1540
253 2 1008 1116
254 2 579 1688
254 2 675 1908
254 2 809 2064
254 2 1008 5792
260 2 256 14
260 2 258 19
260 2 260 39
260 2 262 14
260 2 264 14
260 2 266 14
260 2 268 23
260 2 270 40
260 2 273 18
260 2 275 89
260 2 277 35
260 2 280 24
260 2 282 18
260 2 284 24
260 2 287 32
260 2 289 119
260 2 292 44
260 2 295 38
260 2 297 29
260 2 300 37
260 2 303 29
260 2 306 23
260 2 309 32
260 2 312 35
260 2 315 47
260 2 318 134
260 2 321 51
260 2 324 46
260 2 327 41
260 2 330 67
260 2 334 44
260 2 337 45
260 2 341 50
260 2 344 51
260 2 348 62
260 2 352 70
260 2 356 65
260 2 360 55
260 2 364 52
260 2 368 120
260 2 372 165
260 2 376 67
260 2 381 94
260 2 385 73
260 2 390 82
260 2 394 68
260 2 399 89
260 2 404 80
260 2 409 94
260 2 414 88
260 2 420 96
260 2 425 100
260 2 431 101
260 2 436 109
260 2 442 135
260 2 448 119
260 2 455 79
260 2 461 242
260 2 468 117
260 2 474 134
260 2 481 127
260 2 489 149
260 2 496 97
260 2 504 166
260 2 512 44
260 2 516 93
260 2 520 63
260 2 524 115
260 2 528 61
260 2 532 99
260 2 537 70
260 2 539 210
260 2 546 77
260 2 550 70
260 2 555 55
260 2 560 94
260 2 564 90
260 2 569 88
260 2 574 96
260 2 579 96
260 2 585 91
260 2 590 94
260 2 595 84
260 2 601 109
260 2 606 96
260 2 612 190
260 2 618 147
260 2 624 83
260 2 630 105
260 2 636 105
260 2 642 128
260 2 648 244
260 2 655 119
260 2 661 105
260 2 668 110
260 2 675 137
260 2 682 121
260 2 689 127
260 2 697 140
260 2 704 134
260 2 720 216
260 2 728 317
260 2 736 338
260 2 744 148
260 2 753 128
260 2 762 185
260 2 771 140
260 2 780 138
260 2 789 155
260 2 799 177
260 2 809 153
260 2 819 219
260 2 829 158
260 2 840 156
260 2 851 166
260 2 862 258
260 2 873 201
260 2 885 322
260 2 897 241
260 2 910 209
260 2 923 200
260 2 936 379
260 2 950 274
260 2 962 265
260 2 978 686
260 2 992 268
260 2 1008 675
261 2 516 275
261 2 524 596
261 2 532 299
261 2 539 725
261 2 550 574
261 2 560 365
261 2 569 326
261 2 579 358
261 2 590 798
261 2 601 505
261 2 612 598
261 2 624 685
261 2 636 569
261 2 648 489
261 2 661 1441
261 2 675 801
261 2 689 453
261 2 704 699
261 2 720 519
261 2 736 585
261 2 753 846
261 2 771 948
261 2 789 748
261 2 809 663
261 2 829 1460
261 2 851 750
261 2 873 973
261 2 897 1060
261 2 923 967
261 2 949 1057
261 2 978 1336
261 2 1008 1200
262 2 524 1275
262 2 539 1284
262 2 560 1586
262 2 579 2033
262 2 601 1112
262 2 624 1912
262 2 648 2117
262 2 675 1743
262 2 704 1325
262 2 736 2266
262 2 771 2804
262 2 809 2616
262 2 851 1963
262 2 897 2859
262 2 949 2833
262 2 1008 2513
263 2 539 3278
263 2 579 3083
263 2 624 4110
263 2 675 3327
263 2 736 4822
263 2 809 3603
263 2 897 5531
263 2 1008 5847
264 2 579 6720
264 2 675 8499
264 2 809 9799
264 2 1008 33071
270 2 256 8
270 2 258 12
270 2 260 4
270 2 262 27
270 2 264 11
270 2 266 51
270 2 268 8
270 2 270 36
270 2 273 93
270 2 275 120
270 2 277 5
270 2 280 15
270 2 282 19
270 2 284 21
270 2 287 135
270 2 289 12
270 2 292 31
270 2 295 15
270 2 297 16
270 2 300 60
270 2 303 25
270 2 306 13
270 2 309 20
270 2 312 22
270 2 315 30
270 2 318 81
270 2 321 14
270 2 324 20
270 2 327 15
270 2 330 12
270 2 334 15
270 2 337 44
270 2 341 60
270 2 344 67
270 2 348 35
270 2 352 33
270 2 356 41
270 2 360 32
270 2 364 38
270 2 368 74
270 2 372 80
270 2 376 27
270 2 381 58
270 2 385 24
270 2 390 86
270 2 394 24
270 2 399 37
270 2 404 131
270 2 409 34
270 2 414 121
270 2 420 60
270 2 425 63
270 2 431 42
270 2 436 134
270 2 442 181
270 2 448 127
270 2 455 119
270 2 461 200
270 2 468 78
270 2 474 105
270 2 481 97
270 2 489 97
270 2 496 91
270 2 504 171
270 2 512 77
270 2 516 48
270 2 520 83
270 2 524 83
270 2 528 125
270 2 532 49
270 2 537 95
270 2 539 50
270 2 546 86
270 2 550 88
270 2 555 177
270 2 560 68
270 2 564 52
270 2 569 154
270 2 574 73
270 2 579 138
270 2 585 75
270 2 590 45
270 2 595 81
270 2 601 190
270 2 606 194
270 2 612 150
270 2 618 219
270 2 624 148
270 2 630 122
270 2 636 205
270 2 642 328
270 2 648 161
270 2 655 266
270 2 661 72
270 2 668 161
270 2 675 89
270 2 682 145
270 2 689 180
270 2 697 248
270 2 704 198
270 2 720 250
270 2 728 390
270 2 736 219
270 2 744 218
270 2 753 215
270 2 762 272
270 2 771 152
270 2 780 174
270 2 789 129
270 2 799 293
270 2 809 266
270 2 819 277
270 2 829 318
270 2 840 376
270 2 851 477
270 2 862 241
270 2 873 537
270 2 885 566
270 2 897 389
270 2 910 324
270 2 923 305
270 2 936 311
270 2 950 772
270 2 962 478
270 2 978 335
270 2 992 635
270 2 1008 957
271 2 516 704
271 2 524 1309
271 2 532 1102
271 2 539 605
271 2 550 571
271 2 560 674
271 2 569 494
271 2 579 700
271 2 590 1058
271 2 601 1027
271 2 612 1398
271 2 624 1332
271 2 636 1140
271 2 648 801
271 2 661 1128
271 2 675 980
271 2 689 1076
271 2 704 2033
271 2 720 1245
271 2 736 2087
271 2 753 2437
271 2 771 1890
271 2 789 1880
271 2 809 1120
271 2 829 2494
271 2 851 2628
271 2 873 2135
271 2 897 3873
271 2 923 2021
271 2 949 2372
271 2 978 2166
271 2 1008 3451
272 2 524 3309
272 2 539 3204
272 2 560 3334
272 2 579 3250
272 2 601 4578
272 2 624 4970
272 2 648 4079
272 2 675 3503
272 2 704 4253
272 2 736 5057
272 2 771 5697
272 2 809 5434
272 2 851 4813
272 2 897 9636
272 2 949 6509
272 2 1008 5852
273 2 539 8570
273 2 579 6620
273 2 624 11115
273 2 675 8303
273 2 736 12559
273 2 809 9475
273 2 897 15557
273 2 1008 17197
274 2 579 20489
274 2 675 21364
274 2 809 27182
274 2 1008 71234
275 2 256 123
275 2 258 25
275 2 260 167
275 2 262 9
275 2 264 35
275 2 266 36
275 2 268 60
275 2 270 61
275 2 273 16
275 2 275 19
275 2 277 10
275 2 280 75
275 2 282 86
275 2 284 54
275 2 287 54
275 2 289 59
275 2 292 23
275 2 295 195
275 2 297 96
275 2 300 154
275 2 303 33
275 2 306 76
275 2 309 101
275 2 312 13
275 2 315 53
275 2 318 27
275 2 321 38
275 2 324 17
275 2 327 134
275 2 330 46
275 2 334 21
275 2 337 182
275 2 341 136
275 2 344 18
275 2 348 43
275 2 352 240
275 2 356 157
275 2 360 229
275 2 364 126
275 2 368 91
275 2 372 149
275 2 376 130
275 2 381 89
275 2 385 63
275 2 390 48
275 2 394 142
275 2 399 59
275 2 404 272
275 2 409 203
275 2 414 66
275 2 420 190
275 2 425 292
275 2 431 178
275 2 436 296
275 2 442 73
275 2 448 96
275 2 455 97
275 2 461 50
275 2 468 154
275 2 474 102
275 2 481 253
275 2 489 364
275 2 496 115
275 2 504 271
275 2 512 75
275 2 516 188
275 2 520 37
275 2 524 151
275 2 528 93
275 2 532 37
275 2 537 97
275 2 539 204
275 2 546 44
275 2 550 41
275 2 555 41
275 2 560 47
275 2 564 177
275 2 569 38
275 2 574 84
275 2 579 259
275 2 585 116
275 2 590 116
275 2 595 70
275 2 601 230
275 2 606 93
275 2 612 180
275 2 618 188
275 2 624 40
275 2 630 236
275 2 636 63
275 2 642 109
275 2 648 162
275 2 655 95
275 2 661 42
275 2 668 182
275 2 675 135
275 2 682 90
275 2 689 289
275 2 697 140
275 2 704 167
275 2 720 260
275 2 728 381
275 2 736 220
275 2 744 185
275 2 753 118
275 2 762 128
275 2 771 63
275 2 780 52
275 2 789 204
275 2 799 142
275 2 809 284
275 2 819 188
275 2 829 207
275 2 840 234
275 2 851 87
275 2 862 113
275 2 873 235
275 2 885 229
275 2 897 220
275 2 910 235
275 2 923 225
275 2 936 134
275 2 950 230
275 2 962 174
275 2 978 169
275 2 992 191
275 2 1008 376
276 2 516 302
276 2 524 8641
276 2 532 402
276 2 539 183
276 2 550 445
276 2 560 198
276 2 569 326
276 2 579 242
276 2 590 185
276 2 601 181
276 2 612 236
276 2 624 632
276 2 636 348
276 2 648 357
276 2 661 290
276 2 675 327
276 2 689 529
276 2 704 321
276 2 720 415
276 2 736 692
276 2 753 617
276 2 771 1313
276 2 789 216
276 2 809 625
276 2 829 389
276 2 851 8560
276 2 873 355
276 2 897 906
276 2 923 579
276 2 949 223
276 2 978 457
276 2 1008 740
277 2 524 470
277 2 539 529
277 2 560 1110
277 2 579 1006
277 2 601 1189
277 2 624 9174
277 2 648 528
277 2 675 400
277 2 704 1046
277 2 736 872
277 2 771 1141
277 2 809 1506
277 2 851 1249
277 2 897 1028
277 2 949 1042
277 2 1008 9155
278 2 539 970
278 2 579 1458
278 2 624 2101
278 2 675 1759
278 2 736 1702
278 2 809 1549
278 2 897 2230
278 2 1008 2338
279 2 579 2929
279 2 675 3026
279 2 809 3954
279 2 1008 11879
310 2 256 35
310 2 258 71
310 2 260 27
310 2 262 41
310 2 264 43
310 2 266 46
310 2 268 28
310 2 270 75
310 2 273 37
310 2 275 45
310 2 277 44
310 2 280 34
310 2 282 36
310 2 284 38
310 2 287 37
310 2 289 47
310 2 292 31
310 2 295 37
310 2 297 28
310 2 300 48
310 2 303 40
310 2 306 35
310 2 309 52
310 2 312 35
310 2 315 50
310 2 318 47
310 2 321 46
310 2 324 54
310 2 327 49
310 2 330 43
310 2 334 102
310 2 337 168
310 2 341 66
310 2 344 490
310 2 348 57
310 2 352 64
310 2 356 54
310 2 360 51
310 2 364 63
310 2 368 58
310 2 372 116
310 2 376 70
310 2 381 81
310 2 385 146
310 2 390 459
310 2 394 69
310 2 399 121
310 2 404 81
310 2 409 84
310 2 414 238
310 2 420 121
310 2 425 150
310 2 431 172
310 2 436 177
310 2 442 173
310 2 448 502
310 2 455 157
310 2 461 384
310 2 468 150
310 2 474 163
310 2 481 206
310 2 489 163
310 2 496 249
310 2 504 286
310 2 512 157
310 2 516 150
310 2 520 83
310 2 524 110
310 2 528 606
310 2 532 111
310 2 537 109
310 2 539 96
310 2 546 120
310 2 550 107
310 2 555 116
310 2 560 136
310 2 564 239
310 2 569 123
310 2 574 238
310 2 579 120
310 2 585 141
310 2 590 504
310 2 595 160
310 2 601 161
310 2 606 186
310 2 612 208
310 2 618 568
310 2 624 212
310 2 630 182
310 2 636 208
310 2 642 407
310 2 648 190
310 2 655 276
310 2 661 192
310 2 668 202
310 2 675 226
310 2 682 602
310 2 689 288
310 2 697 283
310 2 704 330
310 2 720 284
310 2 728 633
310 2 736 444
310 2 744 368
310 2 753 401
310 2 762 529
310 2 771 386
310 2 780 447
310 2 789 541
310 2 799 442
310 2 809 607
310 2 819 700
310 2 829 761
310 2 840 1024
310 2 851 1499
310 2 862 1062
310 2 873 534
310 2 885 757
310 2 897 955
310 2 910 802
310 2 923 1388
310 2 936 784
310 2 950 704
310 2 962 730
310 2 978 800
310 2 992 1177
310 2 1008 2612
311 2 516 1128
311 2 524 1227
311 2 532 1526
311 2 539 1481
311 2 550 1948
311 2 560 1466
311 2 569 1321
311 2 579 1464
311 2 590 1754
311 2 601 2048
311 2 612 2552
311 2 624 1564
311 2 636 1827
311 2 648 1479
311 2 661 2142
311 2 675 1721
311 2 689 3227
311 2 704 3105
311 2 720 3510
311 2 736 2102
311 2 753 3165
311 2 771 2752
311 2 789 3475
311 2 809 2414
311 2 829 3369
311 2 851 3864
311 2 873 4395
311 2 897 3773
311 2 923 4213
311 2 949 3737
311 2 978 4459
311 2 1008 5252
312 2 524 5747
312 2 539 4786
312 2 560 4835
312 2 579 5581
312 2 601 6195
312 2 624 7270
312 2 648 7322
312 2 675 6909
312 2 704 6503
312 2 736 6832
312 2 771 10470
312 2 809 9395
312 2 851 8992
312 2 897 11749
312 2 949 10802
312 2 1008 10125
313 2 539 13283
313 2 579 12310
313 2 624 15161
313 2 675 15548
313 2 736 19151
313 2 809 19130
313 2 897 21778
313 2 1008 26737
314 2 579 28340
314 2 675 33018
314 2 809 39468
314 2 1008 128739
320 0 256 64
320 0 258 84
320 0 260 76
320 0 262 40
320 0 264 72
320 0 266 56
320 0 268 44
320 0 270 80
320 0 273 120
320 0 275 100
320 0 277 96
320 0 280 44
320 0 282 88
320 0 284 108
320 0 287 76
320 0 289 76
320 0 292 108
320 0 295 108
320 0 297 128
320 0 300 120
320 0 303 112
320 0 306 100
320 0 309 82
320 0 312 72
320 0 315 99
320 0 318 84
320 0 321 168
320 0 324 112
320 0 327 68
320 0 330 100
320 0 334 120
320 0 337 132
320 0 341 99
320 0 344 119
320 0 348 177
320 0 352 189
320 0 356 148
320 0 360 101
320 0 364 64
320 0 368 176
320 0 372 141
320 0 376 117
320 0 381 230
320 0 385 109
320 0 390 158
320 0 394 121
320 0 399 121
320 0 404 169
320 0 409 231
320 0 414 214
320 0 420 222
320 0 425 169
320 0 431 141
320 0 436 199
320 0 442 208
320 0 448 245
320 0 455 231
320 0 461 742
320 0 468 200
320 0 474 242
320 0 481 262
320 0 489 237
320 0 496 721
320 0 504 2581
321 0 504 2124
322 0 504 1815
323 0 504 1903
324 0 504 2624
325 0 504 4450
326 0 504 3167
327 0 504 4917
328 0 504 4730
329 0 504 6488
330 0 504 9906
331 0 504 11534
332 0 504 15042
333 0 504 28844
334 0 504 48731
335 0 504 75628
336 1 256 1155
336 1 258 1370
336 1 260 1197
336 1 262 1246
336 1 264 1000
336 1 266 1158
336 1 268 1456
336 1 270 987
336 1 273 1202
336 1 275 1003
336 1 277 1274
336 1 280 1849
336 1 282 1956
336 1 284 1537
336 1 287 1474
336 1 289 1430
336 1 292 1480
336 1 295 1588
336 1 297 1456
336 1 300 1712
336 1 303 1821
336 1 306 1249
336 1 309 1618
336 1 312 2747
336 1 315 1561
336 1 318 1448
336 1 321 1439
336 1 324 1501
336 1 327 1607
336 1 330 2168
336 1 334 1374
336 1 337 2009
336 1 341 2044
336 1 344 24228
336 1 348 1935
336 1 352 2189
336 1 356 2437
336 1 360 1713
336 1 364 2457
336 1 368 8400
336 1 372 1972
336 1 376 2045
336 1 381 2019
336 1 385 1976
336 1 390 2328
336 1 394 2425
336 1 399 24888
336 1 404 2711
336 1 409 2666
336 1 414 3168
336 1 420 3014
336 1 425 2880
336 1 431 24534
336 1 436 3587
336 1 442 3011
336 1 448 3057
336 1 455 2607
336 1 461 3387
336 1 468 24829
336 1 474 4166
336 1 481 3295
336 1 489 3558
336 1 496 3919
336 1 504 4273
336 1 512 23358
336 1 516 2293
336 1 520 2170
336 1 524 2479
336 1 528 9743
336 1 532 1750
336 1 537 2104
336 1 539 1489
336 1 546 1832
336 1 550 1533
336 1 555 2626
336 1 560 24294
336 1 564 1975
336 1 569 1696
336 1 574 2793
336 1 579 2420
336 1 585 2273
336 1 590 3225
336 1 595 1964
336 1 601 2922
336 1 606 3533
336 1 612 2767
336 1 618 24483
336 1 624 2396
336 1 630 2623
336 1 636 1981
336 1 642 2213
336 1 648 2397
336 1 655 2514
336 1 661 3159
336 1 668 2486
336 1 675 2494
336 1 682 25611
336 1 689 2617
336 1 697 3693
336 1 704 2911
336 1 720 3860
336 1 728 6642
336 1 736 2926
336 1 744 3798
336 1 753 25145
336 1 762 3612
336 1 771 3083
336 1 780 3215
336 1 789 3246
336 1 799 4563
336 1 809 14556
336 1 819 3654
336 1 829 4233
336 1 840 27105
336 1 851 4260
336 1 862 4934
336 1 873 3696
336 1 885 3894
336 1 897 4711
336 1 910 4109
336 1 923 4263
336 1 936 12612
336 1 950 26983
336 1 962 5365
336 1 978 6724
336 1 992 4632
336 1 1008 11760
337 1 516 6381
337 1 524 5505
337 1 532 29405
337 1 539 4804
337 1 550 6177
337 1 560 14685
337 1 569 5593
337 1 579 5415
337 1 590 6887
337 1 601 30318
337 1 612 6993
337 1 624 6106
337 1 636 8243
337 1 648 5779
337 1 661 8057
337 1 675 7700
337 1 689 30652
337 1 704 7816
337 1 720 16966
337 1 736 7925
337 1 753 8530
337 1 771 10510
337 1 789 9651
337 1 809 31587
337 1 829 11926
337 1 851 18597
337 1 873 8911
337 1 897 12276
337 1 923 11119
337 1 949 35196
337 1 978 12194
337 1 1008 12131
338 1 524 13380
338 1 539 13281
338 1 560 30287
338 1 579 13280
338 1 601 13834
338 1 624 23611
338 1 648 14361
338 1 675 30380
338 1 704 14287
338 1 736 25551
338 1 771 20915
338 1 809 19845
338 1 851 34076
338 1 897 24211
338 1 949 20093
338 1 1008 29066
339 1 539 42538
339 1 579 32137
339 1 624 43161
339 1 675 43290
339 1 736 40452
339 1 809 40798
339 1 897 68782
339 1 1008 53362
340 1 579 73112
340 1 675 88193
340 1 809 78467
340 1 1008 327586
401 0 256 10
401 0 258 9
401 0 260 8
401 0 262 7
401 0 264 8
401 0 266 10
401 0 268 14
401 0 270 10
401 0 273 18
401 0 275 12
401 0 277 12
401 0 280 12
401 0 282 12
401 0 284 3
401 0 287 9
401 0 289 15
401 0 292 9
401 0 295 17
401 0 297 12
401 0 300 15
401 0 303 15
401 0 306 11
401 0 309 8
401 0 312 13
401 0 315 15
401 0 318 7
401 0 321 15
401 0 324 17
401 0 327 16
401 0 330 18
401 0 334 11
401 0 337 9
401 0 341 17
401 0 344 14
401 0 348 19
401 0 352 20
401 0 356 18
401 0 360 10
401 0 364 12
401 0 368 19
401 0 372 13
401 0 376 11
401 0 381 26
401 0 385 20
401 0 390 20
401 0 394 12
401 0 399 14
401 0 404 18
401 0 409 25
401 0 414 26
401 0 420 19
401 0 425 12
401 0 431 22
401 0 436 19
401 0 442 18
401 0 448 31
401 0 455 26
401 0 461 19
401 0 468 20
401 0 474 30
401 0 481 32
401 0 489 26
401 0 496 25
401 0 504 543
402 0 504 197
403 0 504 598
404 0 504 1111
404 0 1008 29130
405 0 504 3278
406 0 504 5130
407 0 504 6211
408 0 504 8591
409 0 504 9378
410 0 504 13022
411 0 504 14790
411 0 512 5826
412 0 504 20983
412 0 512 11652
413 0 504 28645
414 0 504 42454
415 0 504 78418
416 0 504 178176
417 2 256 136
417 2 258 109
417 2 260 143
417 2 262 477
417 2 264 192
417 2 266 162
417 2 268 90
417 2 270 127
417 2 273 109
417 2 275 150
417 2 277 186
417 2 280 247
417 2 282 165
417 2 284 182
417 2 287 209
417 2 289 658
417 2 292 187
417 2 295 198
417 2 297 208
417 2 300 676
417 2 303 308
417 2 306 191
417 2 309 300
417 2 312 321
417 2 315 212
417 2 318 228
417 2 321 273
417 2 324 259
417 2 327 651
417 2 330 375
417 2 334 317
417 2 337 419
417 2 341 337
417 2 344 330
417 2 348 379
417 2 352 852
417 2 356 1291
417 2 360 618
417 2 364 1225
417 2 368 1382
417 2 372 2356
417 2 376 3196
417 2 381 1371
417 2 385 2441
417 2 390 1245
417 2 394 1257
417 2 399 1633
417 2 404 1215
417 2 409 2987
417 2 414 1314
417 2 420 3015
417 2 425 3563
417 2 431 2398
417 2 436 1891
417 2 442 2191
417 2 448 2347
417 2 455 3080
417 2 461 2902
417 2 468 3758
417 2 474 2962
417 2 481 2944
417 2 489 2225
417 2 496 2054
417 2 504 2729
417 2 512 715
417 2 516 2692
417 2 520 1282
417 2 524 2058
417 2 528 1697
417 2 532 1440
417 2 537 1519
417 2 539 1645
417 2 546 1019
417 2 550 2137
417 2 555 1993
417 2 560 2537
417 2 564 1648
417 2 569 980
417 2 574 2001
417 2 579 1903
417 2 585 989
417 2 590 1267
417 2 595 1172
417 2 601 3123
417 2 606 2076
417 2 612 3732
417 2 618 1932
417 2 624 1194
417 2 630 1495
417 2 636 1242
417 2 642 1829
417 2 648 2465
417 2 655 2604
417 2 661 2726
417 2 668 2104
417 2 675 1252
417 2 682 1488
417 2 689 2016
417 2 697 3370
417 2 704 1880
417 2 720 1565
417 2 728 5328
417 2 736 2177
417 2 744 1962
417 2 753 3193
417 2 762 1881
417 2 771 2826
417 2 780 2966
417 2 789 1666
417 2 799 3372
417 2 809 2137
417 2 819 3589
417 2 829 2880
417 2 840 2113
417 2 851 1976
417 2 862 2877
417 2 873 1791
417 2 885 4100
417 2 897 2131
417 2 910 2476
417 2 923 2658
417 2 936 2253
417 2 950 2476
417 2 962 4071
417 2 978 2521
417 2 992 5547
417 2 1008 6276
418 2 516 2480
418 2 524 2875
418 2 532 6725
418 2 539 4834
418 2 550 4303
418 2 560 3183
418 2 569 2961
418 2 579 2502
418 2 590 3784
418 2 601 3545
418 2 612 3629
418 2 624 6519
418 2 636 5998
418 2 648 4132
418 2 661 4468
418 2 675 4060
418 2 689 7308
418 2 704 4748
418 2 720 5665
418 2 736 5902
418 2 753 5250
418 2 771 4169
418 2 789 4243
418 2 809 3987
418 2 829 5499
418 2 851 9152
418 2 873 8851
418 2 897 8603
418 2 923 4516
418 2 949 5825
418 2 978 5699
418 2 1008 9688
419 2 524 9563
419 2 539 8470
419 2 560 5723
419 2 579 6401
419 2 601 12500
419 2 624 11762
419 2 648 6923
419 2 675 8080
419 2 704 12666
419 2 736 11438
419 2 771 13513
419 2 809 17050
419 2 851 11016
419 2 897 14914
419 2 949 12532
419 2 1008 15554
420 2 539 18472
420 2 579 19751
420 2 624 21359
420 2 675 16443
420 2 736 29371
420 2 809 22572
420 2 897 28357
420 2 1008 38194
421 2 579 37230
421 2 675 47086
421 2 809 52553
421 2 1008 187696
422 2 256 1874
422 2 258 1437
422 2 260 1581
422 2 262 1217
422 2 264 1118
422 2 266 1913
422 2 268 2780
422 2 270 1112
422 2 273 1055
422 2 275 1634
422 2 277 2061
422 2 280 3188
422 2 282 1416
422 2 284 1123
422 2 287 1698
422 2 289 1323
422 2 292 1379
422 2 295 2163
422 2 297 1118
422 2 300 1428
422 2 303 3606
422 2 306 2520
422 2 309 2840
422 2 312 3272
422 2 315 1367
422 2 318 1763
422 2 321 2092
422 2 324 1488
422 2 327 1051
422 2 330 1794
422 2 334 1282
422 2 337 1480
422 2 341 1420
422 2 344 1842
422 2 348 2558
422 2 352 3259
422 2 356 3145
422 2 360 1945
422 2 364 1786
422 2 368 2448
422 2 372 1619
422 2 376 1834
422 2 381 2047
422 2 385 2269
422 2 390 2369
422 2 394 2383
422 2 399 2466
422 2 404 2254
422 2 409 2102
422 2 414 3699
422 2 420 2298
422 2 425 2754
422 2 431 2177
422 2 436 3958
422 2 442 2468
422 2 448 3423
422 2 455 2264
422 2 461 2030
422 2 468 2011
422 2 474 3567
422 2 481 2370
422 2 489 2908
422 2 496 2175
422 2 504 3465
422 2 512 1526
422 2 516 1700
422 2 520 2039
422 2 524 1427
422 2 528 1723
422 2 532 1183
422 2 537 999
422 2 539 1852
422 2 546 918
422 2 550 2730
422 2 555 2905
422 2 560 1619
422 2 564 2826
422 2 569 1594
422 2 574 1370
422 2 579 2038
422 2 585 1771
422 2 590 1514
422 2 595 1847
422 2 601 1602
422 2 606 2813
422 2 612 2152
422 2 618 2399
422 2 624 1972
422 2 630 2353
422 2 636 1387
422 2 642 1621
422 2 648 2319
422 2 655 2930
422 2 661 2563
422 2 668 1284
422 2 675 1593
422 2 682 2144
422 2 689 3517
422 2 697 1693
422 2 704 2751
422 2 720 1451
422 2 728 4017
422 2 736 2419
422 2 744 2129
422 2 753 1886
422 2 762 2886
422 2 771 1767
422 2 780 2049
422 2 789 2016
422 2 799 2680
422 2 809 3794
422 2 819 2144
422 2 829 2299
422 2 840 3148
422 2 851 4057
422 2 862 2045
422 2 873 2135
422 2 885 2199
422 2 897 2655
422 2 910 3302
422 2 923 2789
422 2 936 2944
422 2 950 5210
422 2 962 2335
422 2 978 2475
422 2 992 2589
422 2 1008 5217
423 2 516 2784
423 2 524 3166
423 2 532 4493
423 2 539 3466
423 2 550 3893
423 2 560 4832
423 2 569 2417
423 2 579 3580
423 2 590 2830
423 2 601 3902
423 2 612 3746
423 2 624 6448
423 2 636 3565
423 2 648 5019
423 2 661 4014
423 2 675 3702
423 2 689 2420
423 2 704 5044
423 2 720 4740
423 2 736 5501
423 2 753 7083
423 2 771 5133
423 2 789 4787
423 2 809 4181
423 2 829 4223
423 2 851 4705
423 2 873 4968
423 2 897 8277
423 2 923 4929
423 2 949 5098
423 2 978 4991
423 2 1008 9731
424 2 524 9186
424 2 539 7232
424 2 560 5432
424 2 579 6599
424 2 601 9370
424 2 624 10147
424 2 648 6612
424 2 675 7540
424 2 704 13756
424 2 736 9069
424 2 771 9667
424 2 809 14289
424 2 851 10808
424 2 897 17478
424 2 949 11338
424 2 1008 14730
425 2 539 16059
425 2 579 13591
425 2 624 20625
425 2 675 21945
425 2 736 21104
425 2 809 16601
425 2 897 34512
425 2 1008 31762
426 2 579 33416
426 2 675 43808
426 2 809 45814
426 2 1008 164835
427 2 256 632
427 2 258 495
427 2 260 1067
427 2 262 925
427 2 264 1080
427 2 266 995
427 2 268 615
427 2 270 602
427 2 273 1229
427 2 275 717
427 2 277 724
427 2 280 551
427 2 282 1747
427 2 284 608
427 2 287 677
427 2 289 693
427 2 292 1133
427 2 295 923
427 2 297 659
427 2 300 1519
427 2 303 780
427 2 306 1470
427 2 309 1173
427 2 312 836
427 2 315 959
427 2 318 1113
427 2 321 953
427 2 324 933
427 2 327 1988
427 2 330 957
427 2 334 1768
427 2 337 1058
427 2 341 1856
427 2 344 920
427 2 348 1937
427 2 352 1357
427 2 356 1478
427 2 360 2372
427 2 364 2080
427 2 368 1883
427 2 372 1734
427 2 376 1596
427 2 381 1958
427 2 385 1493
427 2 390 2524
427 2 394 1741
427 2 399 1764
427 2 404 2408
427 2 409 2250
427 2 414 2324
427 2 420 2016
427 2 425 2935
427 2 431 1673
427 2 436 3178
427 2 442 2554
427 2 448 3571
427 2 455 4028
427 2 461 3013
427 2 468 3435
427 2 474 3807
427 2 481 4599
427 2 489 4621
427 2 496 3816
427 2 504 26283
428 2 504 24716
429 2 504 28082
430 2 504 33980
431 2 504 45271
432 2 504 49477
433 2 504 64797
434 2 504 69047
435 2 504 85740
436 2 504 103081
437 2 504 126779
438 2 504 158568
439 2 504 199619
440 2 504 286915
441 2 504 480709
442 2 504 952070
448 1 381 6070
448 1 425 378137
448 1 675 672
448 1 682 32
448 1 689 32
448 1 697 64
448 1 704 32
448 1 720 96
448 1 728 32
448 1 736 64
448 1 744 64
448 1 753 64
448 1 762 798
448 2 341 20896
448 2 352 82
448 2 364 82
448 2 372 82
448 2 385 82
448 2 394 82
448 2 404 82
448 2 414 82
448 2 425 82
448 2 431 82
448 2 442 455
448 2 448 164
448 2 455 82
448 2 461 164
448 2 468 246
448 2 474 164
448 2 481 619
448 2 489 246
448 2 496 164
448 2 504 246
448 2 512 82
448 2 516 164
448 2 520 319
448 2 524 81
448 2 528 162
448 2 532 81
448 2 537 81
448 2 539 162
448 2 546 81
448 2 550 454
448 2 555 162
448 2 560 81
448 2 564 81
448 2 569 162
448 2 574 81
448 2 579 81
448 2 585 162
448 2 590 81
448 2 595 81
448 2 601 162
448 2 606 81
448 2 612 81
448 2 618 162
448 2 624 81
448 2 630 81
448 2 636 535
448 2 642 81
448 2 648 81
448 2 655 4695
448 2 697 6
448 2 744 6
448 2 789 6
448 2 840 6
448 2 897 6
448 2 936 6
448 2 992 6
449 1 661 1040
449 1 675 2168
449 1 689 138
449 1 704 2722
449 1 720 64
449 1 753 32
449 2 524 6
449 2 550 6
449 2 569 6
449 2 590 6
449 2 624 6
449 2 636 6
449 2 648 6
449 2 661 2398
449 2 675 450
449 2 689 1872
449 2 704 21721
449 2 720 45
449 2 736 45
449 2 753 679
449 2 771 45
449 2 789 193
449 2 809 90
449 2 829 2549
453 0 273 65
453 0 275 709
453 0 277 3
453 0 280 14
453 0 282 8
453 0 284 20
453 0 287 19
453 0 289 12
453 0 292 114
453 0 295 864
453 0 297 37
453 0 300 31
453 0 303 105
453 0 306 56
453 0 309 100
453 0 312 31
453 0 315 54
453 0 318 45
453 0 321 62
453 0 324 39
453 0 327 52
453 0 330 43
453 0 334 117
453 0 337 147
453 0 341 124
453 0 344 451
453 0 348 340
453 0 352 110
453 0 356 108
453 0 360 100
453 0 364 93
453 0 368 162
453 0 372 157
453 0 376 617
453 0 381 327
453 0 385 52
453 0 390 73
453 0 394 78
453 0 399 119
453 0 404 304
453 0 409 378
453 0 414 602
453 0 420 408
453 0 425 369
453 0 431 248
453 0 436 251
453 0 442 552
453 0 448 688
453 0 455 614
453 0 461 399
453 0 468 442
453 0 474 668
453 0 481 526
453 0 489 452
453 0 496 478
453 0 504 478
453 0 512 242
453 0 516 244
453 0 520 92
453 0 524 110
453 0 528 88
453 0 532 180
453 0 537 178
453 0 539 344
453 0 546 296
453 0 550 114
453 0 555 131
453 0 560 24
453 0 564 88
453 0 569 117
453 0 574 91
453 0 579 3038
453 0 585 76
453 0 590 76
453 0 595 76
453 0 601 74
453 0 606 22
453 0 612 82
453 0 618 150
453 0 624 174
453 0 630 104
453 0 636 60
453 0 642 117
453 0 648 16
453 0 655 36
453 0 661 54
453 0 668 38
453 0 675 3702
453 0 682 32
453 0 697 2
453 0 704 12
453 0 720 22
453 0 728 38
453 0 736 12
453 0 744 28
453 0 753 16
453 0 762 14
453 0 780 10
453 0 789 12
453 0 799 12
453 0 809 18
453 0 819 18
453 0 829 12
453 0 840 22
453 0 851 40
453 0 862 6
453 0 873 28
453 0 885 26
453 0 897 22
453 0 910 4
453 0 950 24
453 0 962 4
453 0 978 2
453 0 992 2
453 0 1008 776
453 1 512 208
453 1 528 32
453 1 546 64
453 1 574 64
453 2 512 208
453 2 528 32
453 2 546 64
453 2 574 64
454 0 256 58
454 0 258 676
454 0 260 38
454 0 262 48
454 0 264 8
454 0 266 8
454 0 268 24
454 0 270 17
454 0 273 86
454 0 275 756
454 0 277 35
454 0 280 60
454 0 282 42
454 0 284 203
454 0 287 65
454 0 289 46
454 0 292 98
454 0 295 46
454 0 297 33
454 0 300 44
454 0 303 38
454 0 306 47
454 0 309 49
454 0 312 108
454 0 315 105
454 0 318 353
454 0 321 368
454 0 324 64
454 0 327 86
454 0 330 187
454 0 334 120
454 0 337 215
454 0 341 75
454 0 344 631
454 0 348 354
454 0 352 76
454 0 356 82
454 0 360 60
454 0 364 200
454 0 368 588
454 0 372 262
454 0 376 658
454 0 381 289
454 0 385 302
454 0 390 166
454 0 394 482
454 0 399 703
454 0 404 510
454 0 409 508
454 0 414 401
454 0 420 492
454 0 425 658
454 0 431 547
454 0 436 406
454 0 442 466
454 0 448 364
454 0 455 252
454 0 461 282
454 0 468 492
454 0 474 558
454 0 481 338
454 0 489 239
454 0 496 328
454 0 504 3165
454 0 512 242
454 0 516 132
454 0 520 62
454 0 524 78
454 0 528 46
454 0 532 122
454 0 537 146
454 0 539 154
454 0 546 62
454 0 550 12
454 0 555 46
454 0 560 40
454 0 564 32
454 0 569 34
454 0 574 80
454 0 579 3047
454 0 585 36
454 0 590 20
454 0 595 40
454 0 601 18
454 0 606 38
454 0 612 44
454 0 618 16
454 0 624 720
454 0 630 8
454 0 636 12
454 0 642 16
454 0 648 22
454 0 655 16
454 0 661 22
454 0 668 24
454 0 675 28
454 0 682 20
454 0 689 10
454 0 697 8
454 0 720 24
454 0 728 38
454 0 736 18
454 0 744 18
454 0 753 22
454 0 762 20
454 0 771 26
454 0 780 10
454 0 789 18
454 0 799 20
454 0 809 16
454 0 840 6
454 0 851 14
454 0 862 10
454 0 873 4
454 0 897 742
454 0 910 2
454 0 923 2
454 0 992 2
454 0 1008 8
454 1 512 176
454 1 516 32
454 1 532 32
454 1 555 64
454 1 579 64
454 2 512 176
454 2 516 32
454 2 532 32
454 2 555 64
454 2 579 64
455 0 256 279
455 0 258 1443
455 0 260 22
455 0 262 50
455 0 264 63
455 0 266 49
455 0 268 61
455 0 270 97
455 0 273 60
455 0 275 219
455 0 277 37
455 0 280 52
455 0 282 66
455 0 284 48
455 0 287 42
455 0 289 44
455 0 292 132
455 0 295 328
455 0 297 340
455 0 300 73
455 0 303 98
455 0 306 86
455 0 309 89
455 0 312 239
455 0 315 83
455 0 318 738
455 0 321 347
455 0 324 55
455 0 327 60
455 0 330 90
455 0 334 400
455 0 337 428
455 0 341 389
455 0 344 574
455 0 348 311
455 0 352 171
455 0 356 231
455 0 360 512
455 0 364 691
455 0 368 454
455 0 372 364
455 0 376 564
455 0 381 584
455 0 385 436
455 0 390 437
455 0 394 390
455 0 399 480
455 0 404 268
455 0 409 366
455 0 414 482
455 0 420 472
455 0 425 444
455 0 431 298
455 0 436 212
455 0 442 304
455 0 448 3288
455 0 455 260
455 0 461 260
455 0 468 102
455 0 474 138
455 0 481 98
455 0 489 78
455 0 496 82
455 0 504 2900
455 0 512 24
455 0 516 22
455 0 520 32
455 0 524 36
455 0 528 28
455 0 532 28
455 0 537 44
455 0 539 38
455 0 546 20
455 0 550 36
455 0 555 40
455 0 560 20
455 0 564 36
455 0 574 12
455 0 579 734
455 0 585 36
455 0 590 28
455 0 595 6
455 0 601 22
455 0 606 28
455 0 612 26
455 0 618 10
455 0 624 18
455 0 630 28
455 0 636 20
455 0 642 18
455 0 648 18
455 0 655 30
455 0 661 18
455 0 668 14
455 0 675 8
455 0 682 12
455 0 689 14
455 0 697 14
455 0 704 14
455 0 720 22
455 0 728 24
455 0 736 8
455 0 744 6
455 0 753 6
455 0 762 14
455 0 771 8
455 0 780 14
455 0 789 10
455 0 809 714
455 0 873 4
455 0 923 2
455 0 936 2
455 0 1008 8
455 1 512 144
455 1 520 32
455 1 560 32
455 1 564 64
455 2 512 144
455 2 520 32
455 2 537 32
455 2 564 64
456 0 256 629
456 0 258 1518
456 0 260 75
456 0 262 52
456 0 264 77
456 0 266 182
456 0 268 34
456 0 270 53
456 0 273 90
456 0 275 320
456 0 277 317
456 0 280 92
456 0 282 102
456 0 284 85
456 0 287 97
456 0 289 225
456 0 292 59
456 0 295 645
456 0 297 367
456 0 300 61
456 0 303 86
456 0 306 316
456 0 309 329
456 0 312 484
456 0 315 276
456 0 318 590
456 0 321 142
456 0 324 176
456 0 327 325
456 0 330 481
456 0 334 514
456 0 337 379
456 0 341 542
456 0 344 600
456 0 348 394
456 0 352 488
456 0 356 523
456 0 360 439
456 0 364 258
456 0 368 276
456 0 372 560
456 0 376 362
456 0 381 326
456 0 385 510
456 0 390 450
456 0 394 297
456 0 399 286
456 0 404 3219
456 0 409 132
456 0 414 124
456 0 420 108
456 0 425 240
456 0 431 114
456 0 436 156
456 0 442 30
456 0 448 2934
456 0 455 38
456 0 461 34
456 0 468 46
456 0 474 44
456 0 481 57
456 0 489 72
456 0 496 38
456 0 504 124
456 0 512 32
456 0 516 28
456 0 520 46
456 0 528 6
456 0 532 12
456 0 537 24
456 0 539 782
456 0 546 38
456 0 550 28
456 0 555 16
456 0 560 24
456 0 564 20
456 0 569 20
456 0 574 12
456 0 579 34
456 0 585 38
456 0 590 20
456 0 595 32
456 0 601 16
456 0 606 12
456 0 612 12
456 0 618 8
456 0 624 16
456 0 636 2
456 0 642 4
456 0 648 10
456 0 655 8
456 0 661 18
456 0 668 12
456 0 675 14
456 0 682 10
456 0 689 22
456 0 697 10
456 0 704 6
456 0 720 12
456 0 728 6
456 0 736 658
456 0 873 2
456 0 1008 6
456 1 512 144
456 1 524 32
456 1 550 32
456 1 569 64
456 2 512 144
456 2 524 32
456 2 539 32
456 2 569 64
466 2 256 5
466 2 258 4
466 2 260 3
466 2 262 4
466 2 264 3
466 2 266 5
466 2 268 5
466 2 270 4
466 2 273 2
466 2 275 1
466 2 277 12
466 2 280 375
466 2 282 5
466 2 284 3
466 2 287 5
466 2 289 45
466 2 292 2
466 2 295 7
466 2 297 9
466 2 300 4
466 2 303 4
466 2 306 4
466 2 309 4
466 2 312 6
466 2 315 3
466 2 318 5
466 2 321 1
466 2 324 3
466 2 327 11
466 2 330 7
466 2 334 9
466 2 337 6
466 2 341 5
466 2 344 3
466 2 348 51
466 2 352 4
466 2 356 4
466 2 360 6
466 2 364 7
466 2 368 8
466 2 372 7
466 2 376 9
466 2 381 2
466 2 385 2
466 2 390 13
466 2 394 3
466 2 399 6
466 2 404 16
466 2 409 1
466 2 420 6
466 2 425 9
466 2 431 5
466 2 436 7
466 2 442 10
466 2 448 3
466 2 455 9
466 2 461 12
466 2 468 5
466 2 474 6
466 2 481 13
466 2 489 6
466 2 496 7
466 2 504 8
466 2 516 6
466 2 520 5
466 2 524 4
466 2 528 5
466 2 532 4
466 2 537 5
466 2 539 9
466 2 546 4
466 2 550 12
466 2 555 8
466 2 560 2
466 2 564 6
466 2 569 3
466 2 574 7
466 2 579 4
466 2 585 2
466 2 590 3
466 2 595 3
466 2 601 6
466 2 606 7
466 2 612 7
466 2 618 7
466 2 624 3
466 2 630 8
466 2 636 4
466 2 642 7
466 2 648 9
466 2 655 14
466 2 661 4
466 2 668 6
466 2 675 5
466 2 682 9
466 2 689 7
466 2 697 7
466 2 704 6
466 2 720 9
466 2 728 10
466 2 736 10
466 2 744 7
466 2 753 7
466 2 762 17
466 2 771 18
466 2 780 7
466 2 789 11
466 2 799 13
466 2 809 17
466 2 819 12
466 2 829 3
466 2 840 6
466 2 851 12
466 2 862 11
466 2 873 13
466 2 885 12
466 2 897 25
466 2 910 9
466 2 923 22
466 2 936 18
466 2 950 17
466 2 962 18
466 2 978 11
466 2 992 8
466 2 1008 45
467 2 516 12
467 2 524 115
467 2 532 27
467 2 539 23
467 2 550 24
467 2 560 25
467 2 569 9
467 2 579 12
467 2 590 23
467 2 601 20
467 2 612 12
467 2 624 26
467 2 636 35
467 2 648 32
467 2 661 19
467 2 675 21
467 2 689 16
467 2 704 29
467 2 720 22
467 2 736 26
467 2 753 45
467 2 771 144
467 2 789 24
467 2 809 34
467 2 829 24
467 2 851 27
467 2 873 40
467 2 897 43
467 2 923 26
467 2 949 32
467 2 978 37
467 2 1008 31
468 2 524 54
468 2 539 40
468 2 560 38
468 2 579 41
468 2 601 44
468 2 624 68
468 2 648 33
468 2 675 49
468 2 704 59
468 2 736 65
468 2 771 50
468 2 809 59
468 2 851 82
468 2 897 61
468 2 949 151
468 2 1008 93
469 2 539 76
469 2 579 78
469 2 624 98
469 2 675 107
469 2 736 475
469 2 809 139
469 2 897 133
469 2 1008 161
470 2 579 681
470 2 675 234
470 2 809 777
470 2 1008 1149
471 2 256 1
471 2 258 4
471 2 260 5
471 2 262 5
471 2 264 8
471 2 266 3
471 2 268 114
471 2 270 3
471 2 273 55
471 2 275 2
471 2 277 46
471 2 280 8
471 2 282 2
471 2 284 2
471 2 287 71
471 2 289 7
471 2 292 5
471 2 295 51
471 2 297 7
471 2 300 52
471 2 303 52
471 2 306 4
471 2 309 8
471 2 312 10
471 2 315 6
471 2 318 4
471 2 321 4
471 2 324 49
471 2 327 7
471 2 330 95
471 2 334 8
471 2 337 8
471 2 341 12
471 2 344 9
471 2 348 53
471 2 352 5
471 2 356 53
471 2 360 53
471 2 364 51
471 2 368 6
471 2 372 8
471 2 376 10
471 2 381 13
471 2 385 52
471 2 390 103
471 2 394 52
471 2 399 10
471 2 404 135
471 2 409 137
471 2 414 12
471 2 420 163
471 2 425 210
471 2 431 31
471 2 436 17
471 2 442 23
471 2 448 23
471 2 455 72
471 2 461 107
471 2 468 69
471 2 474 70
471 2 481 75
471 2 489 116
471 2 496 109
471 2 504 169
471 2 512 13
471 2 516 9
471 2 520 28
471 2 524 20
471 2 528 14
471 2 532 62
471 2 537 14
471 2 539 56
471 2 546 14
471 2 550 110
471 2 555 20
471 2 560 110
471 2 564 232
471 2 569 63
471 2 574 98
471 2 579 19
471 2 585 60
471 2 590 112
471 2 595 23
471 2 601 155
471 2 606 19
471 2 612 66
471 2 618 24
471 2 624 20
471 2 630 36
471 2 636 21
471 2 642 159
471 2 648 68
471 2 655 61
471 2 661 113
471 2 668 25
471 2 675 66
471 2 682 75
471 2 689 64
471 2 697 73
471 2 704 62
471 2 720 87
471 2 728 129
471 2 736 25
471 2 744 30
471 2 753 69
471 2 762 32
471 2 771 127
471 2 780 23
471 2 789 117
471 2 799 162
471 2 809 27
471 2 819 91
471 2 829 192
471 2 840 34
471 2 851 82
471 2 862 88
471 2 873 81
471 2 885 34
471 2 897 86
471 2 910 89
471 2 923 181
471 2 936 347
471 2 950 79
471 2 962 93
471 2 978 130
471 2 992 145
471 2 1008 206
472 2 516 40
472 2 524 87
472 2 532 52
472 2 539 175
472 2 550 183
472 2 560 91
472 2 569 54
472 2 579 88
472 2 590 216
472 2 601 256
472 2 612 99
472 2 624 50
472 2 636 155
472 2 648 227
472 2 661 100
472 2 675 67
472 2 689 156
472 2 704 271
472 2 720 103
472 2 736 140
472 2 753 198
472 2 771 313
472 2 789 109
472 2 809 105
472 2 829 151
472 2 851 52
472 2 873 109
472 2 897 151
472 2 923 113
472 2 949 190
472 2 978 196
472 2 1008 68
473 2 524 169
473 2 539 156
473 2 560 271
473 2 579 173
473 2 601 141
473 2 624 172
473 2 648 131
473 2 675 223
473 2 704 194
473 2 736 460
473 2 771 141
473 2 809 400
473 2 851 102
473 2 897 273
473 2 949 417
473 2 1008 340
474 2 539 369
474 2 579 371
474 2 624 426
474 2 675 494
474 2 736 529
474 2 809 492
474 2 897 732
474 2 1008 672
475 2 579 698
475 2 675 1146
475 2 809 790
475 2 1008 3453
476 2 256 13
476 2 258 12
476 2 260 12
476 2 262 13
476 2 264 19
476 2 266 10
476 2 268 31
476 2 270 18
476 2 273 16
476 2 275 26
476 2 277 11
476 2 280 11
476 2 282 10
476 2 284 9
476 2 287 9
476 2 289 10
476 2 292 21
476 2 295 9
476 2 297 12
476 2 300 11
476 2 303 14
476 2 306 19
476 2 309 39
476 2 312 384
476 2 315 8
476 2 318 29
476 2 321 15
476 2 324 13
476 2 327 15
476 2 330 10
476 2 334 5
476 2 337 18
476 2 341 7
476 2 344 16
476 2 348 19
476 2 352 8
476 2 356 49
476 2 360 22
476 2 364 8
476 2 368 134
476 2 372 13
476 2 376 24
476 2 381 18
476 2 385 16
476 2 390 15
476 2 394 16
476 2 399 16
476 2 404 18
476 2 409 26
476 2 414 44
476 2 420 21
476 2 425 29
476 2 431 12
476 2 436 13
476 2 442 393
476 2 448 28
476 2 455 11
476 2 461 8
476 2 468 34
476 2 474 415
476 2 481 41
476 2 489 8
476 2 496 25
476 2 504 23
476 2 512 5
476 2 516 12
476 2 520 12
476 2 524 4
476 2 528 17
476 2 532 11
476 2 537 9
476 2 539 8
476 2 546 7
476 2 550 10
476 2 555 21
476 2 560 39
476 2 564 13
476 2 569 10
476 2 574 13
476 2 579 8
476 2 585 10
476 2 590 23
476 2 595 10
476 2 601 8
476 2 606 4
476 2 612 7
476 2 618 15
476 2 624 19
476 2 630 17
476 2 636 9
476 2 642 7
476 2 648 45
476 2 655 16
476 2 661 17
476 2 668 15
476 2 675 10
476 2 682 20
476 2 689 9
476 2 697 19
476 2 704 32
476 2 720 24
476 2 728 24
476 2 736 12
476 2 744 43
476 2 753 28
476 2 762 23
476 2 771 11
476 2 780 23
476 2 789 23
476 2 799 26
476 2 809 26
476 2 819 13
476 2 829 31
476 2 840 24
476 2 851 31
476 2 862 43
476 2 873 55
476 2 885 19
476 2 897 31
476 2 910 33
476 2 923 24
476 2 936 33
476 2 950 42
476 2 962 27
476 2 978 34
476 2 992 64
476 2 1008 471
477 2 516 61
477 2 524 45
477 2 532 50
477 2 539 41
477 2 550 246
477 2 560 393
477 2 569 89
477 2 579 90
477 2 590 428
477 2 601 49
477 2 612 55
477 2 624 45
477 2 636 432
477 2 648 30
477 2 661 85
477 2 675 36
477 2 689 61
477 2 704 43
477 2 720 33
477 2 736 44
477 2 753 68
477 2 771 73
477 2 789 53
477 2 809 45
477 2 829 54
477 2 851 408
477 2 873 58
477 2 897 95
477 2 923 432
477 2 949 52
477 2 978 51
477 2 1008 59
478 2 524 83
478 2 539 81
478 2 560 433
478 2 579 64
478 2 601 93
478 2 624 76
478 2 648 69
478 2 675 100
478 2 704 75
478 2 736 79
478 2 771 117
478 2 809 95
478 2 851 73
478 2 897 144
478 2 949 110
478 2 1008 88
479 2 539 163
479 2 579 122
479 2 624 171
479 2 675 153
479 2 736 168
479 2 809 190
479 2 897 246
479 2 1008 639
480 2 579 313
480 2 675 1058
480 2 809 403
480 2 1008 1224
481 2 256 3
481 2 258 1
481 2 260 17
481 2 264 2
481 2 268 2
481 2 270 1
481 2 273 2
481 2 275 5
481 2 282 7
481 2 284 2
481 2 287 4
481 2 295 4
481 2 297 2
481 2 300 8
481 2 303 4
481 2 309 17
481 2 312 3
481 2 318 1
481 2 321 7
481 2 324 2
481 2 330 4
481 2 334 8
481 2 337 3
481 2 341 2
481 2 344 3
481 2 356 6
481 2 360 10
481 2 368 2
481 2 372 18
481 2 376 2
481 2 381 10
481 2 385 1
481 2 390 1
481 2 394 5
481 2 399 5
481 2 404 6
481 2 409 1
481 2 414 2
481 2 420 3
481 2 425 5
481 2 431 9
481 2 436 23
481 2 448 379
481 2 455 3
481 2 468 5
481 2 474 5
481 2 481 6
481 2 489 4
481 2 496 4
481 2 504 6
481 2 516 11
481 2 524 2
481 2 528 17
481 2 532 3
481 2 537 6
481 2 546 4
481 2 550 1
481 2 555 1
481 2 560 1
481 2 569 3
481 2 574 5
481 2 579 7
481 2 590 3
481 2 595 2
481 2 606 1
481 2 612 5
481 2 618 8
481 2 624 5
481 2 630 4
481 2 636 21
481 2 642 1
481 2 648 4
481 2 655 1
481 2 661 2
481 2 682 3
481 2 689 8
481 2 697 5
481 2 720 3
481 2 728 4
481 2 736 2
481 2 744 16
481 2 753 22
481 2 762 6
481 2 789 1
481 2 799 1
481 2 809 2
481 2 819 7
481 2 829 6
481 2 840 2
481 2 851 2
481 2 862 3
481 2 873 3
481 2 885 14
481 2 897 11
481 2 910 19
481 2 936 1
481 2 950 2
481 2 962 6
481 2 978 4
481 2 992 5
481 2 1008 8
482 2 516 7
482 2 524 14
482 2 532 22
482 2 539 2
482 2 550 3
482 2 569 4
482 2 579 6
482 2 590 5
482 2 601 7
482 2 612 10
482 2 624 2
482 2 636 33
482 2 648 2
482 2 661 2
482 2 675 9
482 2 704 6
482 2 720 15
482 2 736 4
482 2 753 16
482 2 771 18
482 2 789 6
482 2 809 6
482 2 829 4
482 2 851 15
482 2 873 8
482 2 897 30
482 2 923 7
482 2 949 9
482 2 978 9
482 2 1008 7
483 2 524 12
483 2 539 30
483 2 560 11
483 2 579 10
483 2 601 10
483 2 624 19
483 2 648 25
483 2 675 15
483 2 704 5
483 2 736 15
483 2 771 47
483 2 809 8
483 2 851 14
483 2 897 43
483 2 949 15
483 2 1008 14
484 2 539 51
484 2 579 6
484 2 624 62
484 2 675 11
484 2 736 65
484 2 809 17
484 2 897 56
484 2 1008 70
485 2 579 71
485 2 675 77
485 2 809 80
485 2 1008 220
486 2 264 1
486 2 266 1
486 2 270 2
486 2 277 1
486 2 280 1
486 2 282 1
486 2 284 1
486 2 287 2
486 2 295 1
486 2 297 1
486 2 306 1
486 2 309 1
486 2 312 2
486 2 315 2
486 2 324 2
486 2 327 2
486 2 330 2
486 2 334 2
486 2 341 2
486 2 352 2
486 2 356 4
486 2 360 2
486 2 368 4
486 2 372 4
486 2 376 18
486 2 381 2
486 2 385 1
486 2 390 1
486 2 394 6
486 2 399 2
486 2 404 2
486 2 409 6
486 2 414 17
486 2 420 2
486 2 425 5
486 2 431 4
486 2 436 5
486 2 442 20
486 2 448 2
486 2 455 17
486 2 461 18
486 2 468 7
486 2 474 3
486 2 481 6
486 2 489 2
486 2 496 20
486 2 504 7
486 2 516 2
486 2 520 5
486 2 524 4
486 2 528 19
486 2 532 18
486 2 537 1
486 2 546 3
486 2 550 19
486 2 555 3
486 2 560 5
486 2 564 5
486 2 569 2
486 2 574 2
486 2 579 5
486 2 585 2
486 2 590 17
486 2 595 5
486 2 601 4
486 2 606 1
486 2 612 4
486 2 618 5
486 2 624 20
486 2 630 19
486 2 636 2
486 2 642 19
486 2 648 4
486 2 655 5
486 2 661 10
486 2 668 2
486 2 675 1
486 2 682 3
486 2 689 3
486 2 697 21
486 2 704 7
486 2 720 5
486 2 728 11
486 2 736 5
486 2 744 35
486 2 753 1
486 2 762 19
486 2 771 13
486 2 780 9
486 2 789 6
486 2 799 6
486 2 809 19
486 2 819 21
486 2 829 46
486 2 840 11
486 2 851 6
486 2 862 29
486 2 873 7
486 2 885 23
486 2 897 7
486 2 910 29
486 2 923 5
486 2 936 10
486 2 950 5
486 2 962 12
486 2 978 54
486 2 992 25
486 2 1008 45
487 2 516 27
487 2 524 24
487 2 532 16
487 2 539 5
487 2 550 10
487 2 560 13
487 2 569 27
487 2 579 24
487 2 590 58
487 2 601 15
487 2 612 34
487 2 624 34
487 2 636 7
487 2 648 10
487 2 661 14
487 2 675 29
487 2 689 22
487 2 704 65
487 2 720 50
487 2 736 25
487 2 753 10
487 2 771 15
487 2 789 27
487 2 809 28
487 2 829 51
487 2 851 73
487 2 873 20
487 2 897 19
487 2 923 11
487 2 949 49
487 2 978 21
487 2 1008 106
488 2 524 26
488 2 539 18
488 2 560 47
488 2 579 43
488 2 601 93
488 2 624 32
488 2 648 49
488 2 675 31
488 2 704 72
488 2 736 88
488 2 771 49
488 2 809 45
488 2 851 119
488 2 897 64
488 2 949 59
488 2 1008 113
489 2 539 80
489 2 579 73
489 2 624 151
489 2 675 78
489 2 736 156
489 2 809 129
489 2 897 162
489 2 1008 216
490 2 579 209
490 2 675 267
490 2 809 417
490 2 1008 1046
491 2 256 22
491 2 258 27
491 2 260 34
491 2 262 30
491 2 264 20
491 2 266 34
491 2 268 39
491 2 270 46
491 2 273 30
491 2 275 34
491 2 277 44
491 2 280 38
491 2 282 21
491 2 284 35
491 2 287 21
491 2 289 30
491 2 292 62
491 2 295 52
491 2 297 43
491 2 300 72
491 2 303 34
491 2 306 48
491 2 309 80
491 2 312 48
491 2 315 96
491 2 318 33
491 2 321 59
491 2 324 52
491 2 327 40
491 2 330 61
491 2 334 53
491 2 337 50
491 2 341 69
491 2 344 66
491 2 348 55
491 2 352 115
491 2 356 87
491 2 360 54
491 2 364 99
491 2 368 59
491 2 372 89
491 2 376 78
491 2 381 61
491 2 385 235
491 2 390 194
491 2 394 159
491 2 399 73
491 2 404 105
491 2 409 114
491 2 414 68
491 2 420 130
491 2 425 98
491 2 431 91
491 2 436 106
491 2 442 343
491 2 448 102
491 2 455 125
491 2 461 117
491 2 468 130
491 2 474 143
491 2 481 115
491 2 489 203
491 2 496 164
491 2 504 129
491 2 512 72
491 2 516 97
491 2 520 83
491 2 524 96
491 2 528 89
491 2 532 107
491 2 537 105
491 2 539 110
491 2 546 75
491 2 550 83
491 2 555 90
491 2 560 91
491 2 564 114
491 2 569 84
491 2 574 181
491 2 579 92
491 2 585 102
491 2 590 107
491 2 595 103
491 2 601 82
491 2 606 93
491 2 612 535
491 2 618 131
491 2 624 97
491 2 630 120
491 2 636 140
491 2 642 168
491 2 648 168
491 2 655 152
491 2 661 156
491 2 668 153
491 2 675 114
491 2 682 163
491 2 689 168
491 2 697 172
491 2 704 158
491 2 720 283
491 2 728 329
491 2 736 172
491 2 744 169
491 2 753 180
491 2 762 561
491 2 771 197
491 2 780 228
491 2 789 245
491 2 799 379
491 2 809 207
491 2 819 312
491 2 829 210
491 2 840 181
491 2 851 474
491 2 862 445
491 2 873 220
491 2 885 216
491 2 897 281
491 2 910 297
491 2 923 256
491 2 936 491
491 2 950 699
491 2 962 305
491 2 978 222
491 2 992 328
491 2 1008 524
492 2 516 638
492 2 524 297
492 2 532 361
492 2 539 296
492 2 550 740
492 2 560 471
492 2 569 489
492 2 579 266
492 2 590 764
492 2 601 788
492 2 612 869
492 2 624 1173
492 2 636 482
492 2 648 316
492 2 661 666
492 2 675 824
492 2 689 665
492 2 704 528
492 2 720 389
492 2 736 442
492 2 753 488
492 2 771 973
492 2 789 479
492 2 809 517
492 2 829 913
492 2 851 848
492 2 873 542
492 2 897 617
492 2 923 931
492 2 949 1699
492 2 978 612
492 2 1008 881
493 2 524 693
493 2 539 803
493 2 560 1381
493 2 579 753
493 2 601 1345
493 2 624 926
493 2 648 807
493 2 675 710
493 2 704 1465
493 2 736 895
493 2 771 1078
493 2 809 832
493 2 851 940
493 2 897 1252
493 2 949 1272
493 2 1008 1898
494 2 539 1624
494 2 579 1226
494 2 624 3104
494 2 675 1909
494 2 736 2999
494 2 809 2409
494 2 897 3472
494 2 1008 3878
495 2 579 3667
495 2 675 4052
495 2 809 3874
495 2 1008 18247
496 2 258 1
496 2 275 1
496 2 292 1
496 2 309 1
496 2 330 1
496 2 348 1
496 2 376 1
496 2 381 1
496 2 385 2
496 2 390 1
496 2 399 1
496 2 431 1
496 2 448 1
496 2 455 1
496 2 461 2
496 2 468 18
496 2 474 16
496 2 496 1
496 2 504 124
496 2 520 1
496 2 528 1
496 2 532 1
496 2 537 1
496 2 539 2
496 2 550 2
496 2 560 33
496 2 569 2
496 2 574 17
496 2 579 1
496 2 595 1
496 2 618 1
496 2 624 1
496 2 630 2
496 2 636 3
496 2 642 1
496 2 648 4
496 2 655 16
496 2 661 1
496 2 668 19
496 2 675 18
496 2 682 5
496 2 689 21
496 2 697 6
496 2 704 3
496 2 720 2
496 2 728 3
496 2 736 2
496 2 753 2
496 2 762 6
496 2 771 36
496 2 780 36
496 2 789 5
496 2 799 2
496 2 809 20
496 2 819 25
496 2 829 28
496 2 840 7
496 2 851 5
496 2 862 3
496 2 873 3
496 2 885 3
496 2 897 6
496 2 910 9
496 2 923 22
496 2 936 67
496 2 950 11
496 2 962 27
496 2 978 406
496 2 992 75
496 2 1008 28
497 2 516 7
497 2 524 11
497 2 532 10
497 2 539 31
497 2 550 55
497 2 560 54
497 2 569 23
497 2 579 70
497 2 590 71
497 2 601 9
497 2 612 12
497 2 624 11
497 2 636 35
497 2 648 13
497 2 661 75
497 2 675 49
497 2 689 73
497 2 704 70
497 2 720 22
497 2 736 32
497 2 753 21
497 2 771 14
497 2 789 80
497 2 809 85
497 2 829 57
497 2 851 65
497 2 873 36
497 2 897 151
497 2 923 25
497 2 949 88
497 2 978 109
497 2 1008 73
498 2 524 52
498 2 539 33
498 2 560 65
498 2 579 118
498 2 601 101
498 2 624 65
498 2 648 32
498 2 675 80
498 2 704 127
498 2 736 124
498 2 771 64
498 2 809 107
498 2 851 171
498 2 897 79
498 2 949 58
498 2 1008 237
499 2 539 94
499 2 579 532
499 2 624 191
499 2 675 125
499 2 736 252
499 2 809 197
499 2 897 210
499 2 1008 463
500 2 579 362
500 2 675 771
500 2 809 416
500 2 1008 1997
501 2 289 1
501 2 292 1
501 2 295 1
501 2 297 37
501 2 300 2
501 2 303 1
501 2 306 1
501 2 312 745
501 2 318 1
501 2 324 16
501 2 327 1
501 2 330 1
501 2 334 1
501 2 337 19
501 2 341 18
501 2 348 4
501 2 352 373
501 2 356 3
501 2 368 16
501 2 372 2
501 2 376 1
501 2 381 18
501 2 385 2
501 2 390 18
501 2 399 2
501 2 404 3
501 2 409 1
501 2 414 2
501 2 420 1
501 2 425 18
501 2 431 389
501 2 436 3
501 2 442 19
501 2 448 2
501 2 455 2
501 2 474 5
501 2 481 17
501 2 489 1
501 2 496 21
501 2 504 21
501 2 512 2
501 2 524 2
501 2 528 2
501 2 532 3
501 2 537 3
501 2 539 2
501 2 546 1
501 2 550 1
501 2 555 1
501 2 560 17
501 2 564 19
501 2 569 3
501 2 574 19
501 2 579 1
501 2 585 5
501 2 590 4
501 2 595 2
501 2 601 3
501 2 606 1
501 2 612 6
501 2 618 5
501 2 624 2
501 2 630 2
501 2 636 6
501 2 642 34
501 2 648 3
501 2 655 20
501 2 661 5
501 2 668 4
501 2 675 7
501 2 682 377
501 2 689 1
501 2 697 4
501 2 704 10
501 2 720 19
501 2 728 41
501 2 736 11
501 2 744 22
501 2 753 23
501 2 762 382
501 2 771 5
501 2 780 8
501 2 789 8
501 2 799 7
501 2 809 5
501 2 819 25
501 2 829 11
501 2 840 25
501 2 851 23
501 2 862 45
501 2 873 13
501 2 885 8
501 2 897 30
501 2 910 28
501 2 923 11
501 2 936 22
501 2 950 11
501 2 962 23
501 2 978 24
501 2 992 11
501 2 1008 48
502 2 516 34
502 2 524 56
502 2 532 29
502 2 539 46
502 2 550 26
502 2 560 10
502 2 569 7
502 2 579 16
502 2 590 10
502 2 601 61
502 2 612 56
502 2 624 45
502 2 636 52
502 2 648 13
502 2 661 14
502 2 675 14
502 2 689 33
502 2 704 51
502 2 720 33
502 2 736 47
502 2 753 53
502 2 771 51
502 2 789 49
502 2 809 12
502 2 829 22
502 2 851 38
502 2 873 81
502 2 897 95
502 2 923 17
502 2 949 393
502 2 978 37
502 2 1008 41
503 2 524 105
503 2 539 62
503 2 560 40
503 2 579 55
503 2 601 29
503 2 624 120
503 2 648 72
503 2 675 46
503 2 704 24
503 2 736 139
503 2 771 90
503 2 809 422
503 2 851 83
503 2 897 137
503 2 949 85
503 2 1008 56
504 2 539 192
504 2 579 59
504 2 624 205
504 2 675 98
504 2 736 197
504 2 809 105
504 2 897 254
504 2 1008 254
505 2 579 275
505 2 675 694
505 2 809 344
505 2 1008 1213
506 2 256 17
506 2 258 16
506 2 260 1
506 2 262 3
506 2 264 18
506 2 268 1
506 2 273 1
506 2 275 1
506 2 277 1
506 2 280 1
506 2 282 1
506 2 284 1
506 2 292 1
506 2 295 33
506 2 297 5
506 2 300 1
506 2 303 1
506 2 306 17
506 2 312 745
506 2 315 1
506 2 318 1
506 2 321 1
506 2 324 1
506 2 330 372
506 2 334 17
506 2 337 18
506 2 341 2
506 2 348 20
506 2 352 1
506 2 356 2
506 2 360 1
506 2 368 1
506 2 372 1
506 2 376 18
506 2 381 16
506 2 385 1
506 2 390 2
506 2 399 2
506 2 404 19
506 2 409 3
506 2 414 2
506 2 420 1
506 2 425 3
506 2 431 388
506 2 436 18
506 2 442 2
506 2 448 1
506 2 455 2
506 2 461 16
506 2 468 1
506 2 474 6
506 2 481 2
506 2 489 18
506 2 496 19
506 2 504 5
506 2 516 2
506 2 528 2
506 2 532 17
506 2 537 2
506 2 539 4
506 2 550 2
506 2 555 1
506 2 560 17
506 2 564 4
506 2 569 19
506 2 574 4
506 2 585 5
506 2 590 1
506 2 595 2
506 2 601 1
506 2 606 19
506 2 612 4
506 2 618 5
506 2 624 2
506 2 630 2
506 2 636 8
506 2 642 17
506 2 648 20
506 2 655 3
506 2 661 4
506 2 668 5
506 2 675 3
506 2 682 375
506 2 689 18
506 2 697 5
506 2 704 7
506 2 720 20
506 2 728 27
506 2 736 24
506 2 744 23
506 2 753 7
506 2 762 383
506 2 771 4
506 2 780 6
506 2 789 6
506 2 799 23
506 2 809 5
506 2 819 24
506 2 829 10
506 2 840 27
506 2 851 10
506 2 862 46
506 2 873 15
506 2 885 4
506 2 897 32
506 2 910 43
506 2 923 9
506 2 936 23
506 2 950 8
506 2 962 23
506 2 978 10
506 2 992 9
506 2 1008 52
507 2 516 49
507 2 524 73
507 2 532 15
507 2 539 43
507 2 550 10
507 2 560 7
507 2 569 7
507 2 579 33
507 2 590 15
507 2 601 55
507 2 612 44
507 2 624 45
507 2 636 55
507 2 648 9
507 2 661 28
507 2 675 30
507 2 689 35
507 2 704 18
507 2 720 31
507 2 736 65
507 2 753 57
507 2 771 47
507 2 789 32
507 2 809 12
507 2 829 25
507 2 851 50
507 2 873 88
507 2 897 75
507 2 923 17
507 2 949 391
507 2 978 55
507 2 1008 55
508 2 524 76
508 2 539 63
508 2 560 55
508 2 579 38
508 2 601 24
508 2 624 143
508 2 648 68
508 2 675 29
508 2 704 59
508 2 736 126
508 2 771 68
508 2 809 443
508 2 851 64
508 2 897 169
508 2 949 55
508 2 1008 69
509 2 539 183
509 2 579 66
509 2 624 194
509 2 675 96
509 2 736 232
509 2 809 87
509 2 897 252
509 2 1008 256
510 2 579 277
510 2 675 677
510 2 809 346
510 2 1008 1206
511 2 258 4
511 2 266 2
511 2 268 2
511 2 273 1
511 2 275 1
511 2 277 6
511 2 280 5
511 2 282 4
511 2 284 2
511 2 287 1
511 2 292 4
511 2 297 2
511 2 303 1
511 2 312 3
511 2 315 2
511 2 321 4
511 2 327 4
511 2 330 11
511 2 334 8
511 2 337 4
511 2 348 3
511 2 352 2
511 2 356 2
511 2 360 3
511 2 364 374
511 2 368 2
511 2 372 5
511 2 376 3
511 2 381 1
511 2 385 8
511 2 390 6
511 2 394 6
511 2 399 4
511 2 404 1
511 2 409 2
511 2 414 4
511 2 420 4
511 2 425 7
511 2 431 6
511 2 436 1
511 2 442 8
511 2 455 4
511 2 461 1
511 2 468 13
511 2 474 1
511 2 481 3
511 2 489 2
511 2 496 6
511 2 504 9
511 2 512 4
511 2 516 9
511 2 520 1
511 2 524 1
511 2 532 2
511 2 539 2
511 2 546 1
511 2 555 3
511 2 560 8
511 2 564 5
511 2 579 2
511 2 585 4
511 2 590 7
511 2 595 11
511 2 601 8
511 2 606 2
511 2 612 8
511 2 618 8
511 2 624 2
511 2 630 9
511 2 636 2
511 2 642 1
511 2 648 8
511 2 655 2
511 2 661 4
511 2 668 11
511 2 675 12
511 2 682 6
511 2 697 15
511 2 704 9
511 2 720 4
511 2 728 8
511 2 736 16
511 2 744 4
511 2 753 6
511 2 762 9
511 2 771 10
511 2 780 4
511 2 789 7
511 2 799 21
511 2 809 7
511 2 819 11
511 2 829 9
511 2 840 6
511 2 851 5
511 2 862 4
511 2 873 13
511 2 885 15
511 2 897 11
511 2 910 7
511 2 923 8
511 2 936 7
511 2 950 27
511 2 962 13
511 2 978 5
511 2 992 3
511 2 1008 17
512 2 516 11
512 2 524 13
512 2 532 9
512 2 539 18
512 2 560 31
512 2 569 13
512 2 579 6
512 2 590 5
512 2 601 7
512 2 612 8
512 2 624 10
512 2 636 20
512 2 648 14
512 2 661 30
512 2 675 11
512 2 689 9
512 2 704 2
512 2 720 377
512 2 736 21
512 2 753 19
512 2 771 16
512 2 789 38
512 2 829 4
512 2 851 13
512 2 873 18
512 2 897 24
512 2 923 34
512 2 949 11
512 2 978 10
512 2 1008 10
513 2 524 33
513 2 539 19
513 2 560 34
513 2 579 12
513 2 601 15
513 2 624 25
513 2 648 44
513 2 675 20
513 2 704 14
513 2 736 19
513 2 771 64
513 2 809 22
513 2 851 5
513 2 897 69
513 2 949 30
513 2 1008 8
514 2 539 86
514 2 579 11
514 2 624 85
514 2 675 15
514 2 736 463
514 2 809 16
514 2 897 89
514 2 1008 94
515 2 579 94
515 2 675 103
515 2 809 104
515 2 1008 752
516 2 256 80
516 2 258 96
516 2 260 104
516 2 262 80
516 2 264 168
516 2 266 80
516 2 268 56
516 2 270 120
516 2 273 96
516 2 275 176
516 2 277 104
516 2 280 152
516 2 282 88
516 2 284 160
516 2 287 168
516 2 289 72
516 2 292 136
516 2 295 128
516 2 297 96
516 2 300 192
516 2 303 184
516 2 306 128
516 2 309 192
516 2 312 224
516 2 315 136
516 2 318 176
516 2 321 240
516 2 324 208
516 2 327 224
516 2 330 304
516 2 334 224
516 2 337 344
516 2 341 216
516 2 344 240
516 2 348 288
516 2 352 248
516 2 356 352
516 2 360 344
516 2 364 208
516 2 368 336
516 2 372 376
516 2 376 328
516 2 381 328
516 2 385 344
516 2 390 520
516 2 394 368
516 2 399 496
516 2 404 328
516 2 409 456
516 2 414 448
516 2 420 400
516 2 425 520
516 2 431 392
516 2 436 536
516 2 442 488
516 2 448 352
516 2 455 384
516 2 461 600
516 2 468 616
516 2 474 472
516 2 481 576
516 2 489 520
516 2 496 560
516 2 504 656
516 2 512 184
516 2 516 352
516 2 520 256
516 2 524 440
516 2 528 384
516 2 532 272
516 2 537 1224
516 2 539 232
516 2 546 416
516 2 550 336
516 2 555 288
516 2 560 448
516 2 564 424
516 2 569 280
516 2 574 352
516 2 579 504
516 2 585 256
516 2 590 368
516 2 595 352
516 2 601 352
516 2 606 464
516 2 612 456
516 2 618 616
516 2 624 376
516 2 630 1336
516 2 636 528
516 2 642 448
516 2 648 568
516 2 655 584
516 2 661 656
516 2 668 392
516 2 675 552
516 2 682 432
516 2 689 560
516 2 697 760
516 2 704 400
516 2 720 496
516 2 728 1120
516 2 736 592
516 2 744 760
516 2 753 1096
516 2 762 848
516 2 771 648
516 2 780 704
516 2 789 688
516 2 799 792
516 2 809 592
516 2 819 536
516 2 829 704
516 2 840 664
516 2 851 608
516 2 862 1568
516 2 873 792
516 2 885 1288
516 2 897 944
516 2 910 952
516 2 923 920
516 2 936 888
516 2 950 944
516 2 962 712
516 2 978 600
516 2 992 848
516 2 1008 2432
517 2 516 1056
517 2 524 1136
517 2 532 1312
517 2 539 1096
517 2 550 1248
517 2 560 1112
517 2 569 872
517 2 579 736
517 2 590 1184
517 2 601 1608
517 2 612 1184
517 2 624 1384
517 2 636 1984
517 2 648 1192
517 2 661 1288
517 2 675 1144
517 2 689 936
517 2 704 2728
517 2 720 1280
517 2 736 1728
517 2 753 1832
517 2 771 2016
517 2 789 1440
517 2 809 1040
517 2 829 2048
517 2 851 1536
517 2 873 1880
517 2 897 2568
517 2 923 1960
517 2 949 1488
517 2 978 1536
517 2 1008 3120
518 2 524 2560
518 2 539 2840
518 2 560 2080
518 2 579 1712
518 2 601 1936
518 2 624 3752
518 2 648 3424
518 2 675 2152
518 2 704 2536
518 2 736 3448
518 2 771 5120
518 2 809 3080
518 2 851 2808
518 2 897 5344
518 2 949 3656
518 2 1008 4080
519 2 539 6200
519 2 579 2920
519 2 624 8872
519 2 675 5216
519 2 736 7960
519 2 809 5160
519 2 897 9840
519 2 1008 9352
520 2 579 11872
520 2 675 13512
520 2 809 16096
520 2 1008 52120
521 2 260 8
521 2 262 8
521 2 270 8
521 2 275 16
521 2 280 16
521 2 282 32
521 2 284 24
521 2 297 8
521 2 300 8
521 2 303 8
521 2 306 8
521 2 309 8
521 2 324 16
521 2 327 8
521 2 334 24
521 2 337 48
521 2 352 8
521 2 356 8
521 2 360 8
521 2 364 8
521 2 368 8
521 2 385 16
521 2 390 8
521 2 394 16
521 2 399 48
521 2 404 8
521 2 420 8
521 2 425 16
521 2 431 8
521 2 442 8
521 2 455 8
521 2 461 8
521 2 468 16
521 2 474 40
521 2 481 24
521 2 504 24
521 2 516 8
521 2 528 8
521 2 537 8
521 2 550 16
521 2 555 8
521 2 560 16
521 2 564 24
521 2 569 24
521 2 574 32
521 2 585 8
521 2 601 24
521 2 606 24
521 2 618 8
521 2 624 16
521 2 630 8
521 2 642 8
521 2 655 8
521 2 661 32
521 2 668 48
521 2 675 56
521 2 682 24
521 2 689 24
521 2 697 8
521 2 720 8
521 2 728 40
521 2 736 8
521 2 744 24
521 2 762 8
521 2 789 32
521 2 799 88
521 2 809 32
521 2 819 40
521 2 829 8
521 2 840 16
521 2 851 8
521 2 862 24
521 2 873 24
521 2 885 8
521 2 923 8
521 2 936 40
521 2 950 88
521 2 962 64
521 2 978 8
521 2 992 8
521 2 1008 48
522 2 516 24
522 2 539 8
522 2 550 32
522 2 560 104
522 2 569 64
522 2 590 16
522 2 601 40
522 2 612 24
522 2 636 8
522 2 648 8
522 2 661 128
522 2 675 56
522 2 689 8
522 2 704 48
522 2 720 32
522 2 771 40
522 2 789 136
522 2 809 32
522 2 829 48
522 2 851 32
522 2 897 8
522 2 923 120
522 2 949 80
522 2 978 48
522 2 1008 32
523 2 539 32
523 2 560 168
523 2 579 56
523 2 601 32
523 2 624 8
523 2 648 136
523 2 675 80
523 2 704 64
523 2 736 8
523 2 771 192
523 2 809 80
523 2 851 8
523 2 897 136
523 2 949 152
524 2 539 208
524 2 579 80
524 2 624 176
524 2 675 112
524 2 736 208
524 2 809 80
524 2 897 288
524 2 1008 288
525 2 579 272
525 2 675 304
525 2 809 288
525 2 1008 1304
531 0 258 12
531 0 262 46
531 0 264 1
531 0 268 12
531 0 273 46
531 0 277 11
531 0 282 1
531 0 287 46
531 0 289 11
531 0 295 1
531 0 300 56
531 0 303 1
531 0 315 57
531 0 324 57
531 0 334 12
531 0 337 45
531 0 348 12
531 0 356 45
531 0 360 12
531 0 364 45
531 0 372 12
531 0 381 57
531 0 394 57
531 0 404 57
531 0 420 57
531 0 431 57
531 0 448 57
531 0 461 57
531 0 474 57
531 0 489 57
531 0 504 57
531 0 512 57
531 0 528 57
531 0 546 57
531 0 555 57
531 0 569 57
531 0 579 57
531 0 601 57
531 0 606 57
531 0 618 45
531 0 624 12
531 0 636 57
531 0 648 57
531 0 655 45
531 0 668 57
531 0 675 57
531 0 689 57
531 0 697 57
531 0 720 57
531 0 728 114
531 0 744 57
531 0 753 102
531 0 762 57
531 0 780 102
531 0 789 142
531 0 799 243
531 0 809 5588
536 0 258 12
536 0 262 46
536 0 264 1
536 0 268 12
536 0 273 46
536 0 277 11
536 0 282 1
536 0 287 46
536 0 289 11
536 0 295 1
536 0 300 56
536 0 303 1
536 0 315 57
536 0 324 57
536 0 334 12
536 0 337 45
536 0 348 12
536 0 356 45
536 0 360 12
536 0 364 45
536 0 372 12
536 0 381 57
536 0 394 57
536 0 404 57
536 0 420 57
536 0 431 57
536 0 448 57
536 0 461 57
536 0 474 57
536 0 489 57
536 0 504 57
536 0 512 57
536 0 528 57
536 0 546 57
536 0 555 57
536 0 569 57
536 0 579 57
536 0 601 57
536 0 606 57
536 0 618 45
536 0 624 12
536 0 636 57
536 0 648 57
536 0 655 45
536 0 668 57
536 0 675 57
536 0 689 57
536 0 697 57
536 0 720 57
536 0 728 114
536 0 744 57
536 0 753 102
536 0 762 57
536 0 780 102
536 0 789 142
536 0 799 243
536 0 809 5588
541 0 512 50854
542 0 512 350
543 0 512 7056
544 0 512 26842
545 0 512 2288
546 0 512 52098
547 0 512 290
548 0 512 5872
549 0 394 55
549 0 404 57
549 0 420 57
549 0 431 57
549 0 448 57
549 0 461 57
549 0 474 57
549 0 489 57
549 0 504 57
549 0 512 57
549 0 528 57
549 0 546 57
549 0 555 57
549 0 569 57
549 0 579 57
549 0 601 57
549 0 606 57
549 0 618 45
549 0 624 12
549 0 636 57
549 0 648 57
549 0 655 45
549 0 668 57
549 0 675 57
549 0 689 57
549 0 697 57
549 0 720 57
549 0 728 114
549 0 744 57
549 0 753 102
549 0 762 57
549 0 780 102
549 0 789 142
549 0 799 243
549 0 809 5588
554 1 992 120
554 2 512 60
554 2 520 60
555 2 512 40
556 2 512 40
557 2 512 20
558 2 512 40
559 2 512 20
559 2 516 20
559 2 520 20
560 2 512 20
560 2 520 20
561 2 512 15
562 2 256 6
562 2 258 4
562 2 260 10
562 2 262 4
562 2 264 1
562 2 266 5
562 2 268 2
562 2 270 6
562 2 273 3
562 2 275 4
562 2 277 5
562 2 280 9
562 2 282 5
562 2 284 6
562 2 287 2
562 2 289 1
562 2 292 11
562 2 295 10
562 2 297 3
562 2 300 3
562 2 303 8
562 2 306 4
562 2 309 3
562 2 312 10
562 2 315 8
562 2 318 5
562 2 321 4
562 2 324 2
562 2 327 4
562 2 330 3
562 2 334 2
562 2 337 9
562 2 341 10
562 2 344 4
562 2 348 6
562 2 352 16
562 2 356 4
562 2 360 8
562 2 364 1
562 2 368 8
562 2 372 13
562 2 376 5
562 2 381 5
562 2 385 4
562 2 390 6
562 2 394 2
562 2 399 4
562 2 404 9
562 2 409 9
562 2 414 2
562 2 420 17
562 2 425 15
562 2 431 4
562 2 436 8
562 2 442 7
562 2 448 16
562 2 455 5
562 2 461 3
562 2 468 6
562 2 474 2
562 2 481 6
562 2 489 16
562 2 496 4
562 2 504 31
562 2 512 3
562 2 516 16
562 2 520 2
562 2 524 5
562 2 528 4
562 2 532 6
562 2 537 9
562 2 539 14
562 2 546 8
562 2 550 5
562 2 555 4
562 2 560 1
562 2 564 7
562 2 569 5
562 2 574 2
562 2 579 4
562 2 585 3
562 2 590 11
562 2 595 5
562 2 601 22
562 2 606 10
562 2 612 40
562 2 618 13
562 2 624 6
562 2 630 5
562 2 636 4
562 2 642 14
562 2 648 8
562 2 655 11
562 2 661 9
562 2 668 4
562 2 675 1
562 2 682 12
562 2 689 1
562 2 697 13
562 2 704 12
562 2 720 9
562 2 728 39
562 2 736 39
562 2 744 5
562 2 753 6
562 2 762 4
562 2 771 15
562 2 780 6
562 2 789 24
562 2 799 8
562 2 809 3
562 2 819 11
562 2 829 11
562 2 840 13
562 2 851 14
562 2 862 12
562 2 873 24
562 2 885 28
562 2 897 17
562 2 910 20
562 2 923 2
562 2 936 9
562 2 950 26
562 2 962 8
562 2 978 13
562 2 992 11
562 2 1008 29
563 2 516 18
563 2 524 35
563 2 532 28
563 2 539 16
563 2 550 4
563 2 560 18
563 2 569 25
563 2 579 11
563 2 590 22
563 2 601 15
563 2 612 14
563 2 624 30
563 2 636 44
563 2 648 15
563 2 661 6
563 2 675 39
563 2 689 18
563 2 704 21
563 2 720 11
563 2 736 29
563 2 753 36
563 2 771 35
563 2 789 9
563 2 809 45
563 2 829 26
563 2 851 14
563 2 873 32
563 2 897 41
563 2 923 35
563 2 949 18
563 2 978 50
563 2 1008 20
564 2 524 41
564 2 539 39
564 2 560 37
564 2 579 53
564 2 601 30
564 2 624 42
564 2 648 40
564 2 675 48
564 2 704 53
564 2 736 51
564 2 771 52
564 2 809 55
564 2 851 69
564 2 897 61
564 2 949 65
564 2 1008 74
565 2 539 75
565 2 579 86
565 2 624 104
565 2 675 78
565 2 736 128
565 2 809 112
565 2 897 110
565 2 1008 185
566 2 579 195
566 2 675 208
566 2 809 223
566 2 1008 814
567 0 372 2
567 0 381 57
567 0 394 57
567 0 404 57
567 0 420 57
567 0 431 57
567 0 448 57
567 0 461 57
567 0 474 57
567 0 489 57
567 0 504 57
567 0 512 57
567 0 528 57
567 0 546 57
567 0 555 57
567 0 569 57
567 0 579 57
567 0 601 57
567 0 606 57
567 0 618 45
567 0 624 12
567 0 636 57
567 0 648 57
567 0 655 45
567 0 668 57
567 0 675 57
567 0 689 57
567 0 697 57
567 0 720 57
567 0 728 114
567 0 744 57
567 0 753 102
567 0 762 57
567 0 780 102
567 0 789 142
567 0 799 243
567 0 809 5588
572 2 256 1
572 2 260 1
572 2 266 1
572 2 270 1
572 2 273 1
572 2 284 2
572 2 292 2
572 2 295 1
572 2 300 1
572 2 306 1
572 2 312 3
572 2 318 1
572 2 321 2
572 2 327 1
572 2 341 3
572 2 344 1
572 2 352 1
572 2 356 1
572 2 360 1
572 2 368 1
572 2 372 7
572 2 376 1
572 2 385 2
572 2 394 1
572 2 399 2
572 2 404 2
572 2 409 1
572 2 420 1
572 2 425 3
572 2 431 1
572 2 436 1
572 2 442 4
572 2 448 13
572 2 461 3
572 2 468 5
572 2 474 2
572 2 481 4
572 2 489 10
572 2 496 1
572 2 504 20
572 2 512 4
572 2 516 2
572 2 520 3
572 2 524 4
572 2 532 1
572 2 537 7
572 2 539 8
572 2 546 7
572 2 550 5
572 2 555 6
572 2 560 1
572 2 564 2
572 2 569 3
572 2 574 1
572 2 579 2
572 2 585 1
572 2 590 6
572 2 595 3
572 2 601 10
572 2 606 4
572 2 612 21
572 2 618 2
572 2 624 4
572 2 630 1
572 2 636 1
572 2 642 5
572 2 648 4
572 2 655 7
572 2 661 15
572 2 668 2
572 2 675 1
572 2 682 6
572 2 697 6
572 2 704 5
572 2 720 9
572 2 728 21
572 2 736 8
572 2 744 4
572 2 753 2
572 2 762 1
572 2 771 7
572 2 780 9
572 2 789 15
572 2 799 4
572 2 809 2
572 2 819 5
572 2 829 4
572 2 840 6
572 2 851 5
572 2 862 13
572 2 873 16
572 2 885 8
572 2 897 5
572 2 910 7
572 2 936 15
572 2 950 12
572 2 962 5
572 2 978 7
572 2 992 5
572 2 1008 12
573 2 516 17
573 2 524 14
573 2 532 11
573 2 539 4
573 2 550 15
573 2 560 11
573 2 569 14
573 2 579 10
573 2 590 13
573 2 601 9
573 2 612 7
573 2 624 39
573 2 636 33
573 2 648 12
573 2 661 18
573 2 675 29
573 2 689 15
573 2 704 22
573 2 720 7
573 2 736 36
573 2 753 22
573 2 771 39
573 2 789 19
573 2 809 38
573 2 829 26
573 2 851 11
573 2 873 40
573 2 897 30
573 2 923 41
573 2 949 20
573 2 978 48
573 2 1008 20
574 2 524 44
574 2 539 34
574 2 560 38
574 2 579 48
574 2 601 34
574 2 624 49
574 2 648 36
574 2 675 45
574 2 704 52
574 2 736 54
574 2 771 53
574 2 809 54
574 2 851 63
574 2 897 63
574 2 949 69
574 2 1008 72
575 2 539 73
575 2 579 79
575 2 624 113
575 2 675 78
575 2 736 126
575 2 809 120
575 2 897 99
575 2 1008 184
576 2 579 199
576 2 675 207
576 2 809 227
576 2 1008 817
577 2 256 7
577 2 258 13
577 2 260 11
577 2 262 13
577 2 264 4
577 2 266 6
577 2 268 12
577 2 270 7
577 2 273 5
577 2 275 3
577 2 277 7
577 2 280 14
577 2 282 10
577 2 284 13
577 2 287 6
577 2 289 12
577 2 292 19
577 2 295 11
577 2 297 6
577 2 300 10
577 2 303 9
577 2 306 17
577 2 309 17
577 2 312 12
577 2 315 13
577 2 318 7
577 2 321 13
577 2 324 10
577 2 327 12
577 2 330 11
577 2 334 9
577 2 337 14
577 2 341 12
577 2 344 14
577 2 348 13
577 2 352 27
577 2 356 28
577 2 360 20
577 2 364 24
577 2 368 19
577 2 372 29
577 2 376 21
577 2 381 14
577 2 385 17
577 2 390 26
577 2 394 24
577 2 399 28
577 2 404 21
577 2 409 36
577 2 414 33
577 2 420 30
577 2 425 137
577 2 431 52
577 2 436 219
577 2 442 65
577 2 448 39
577 2 455 44
577 2 461 47
577 2 468 45
577 2 474 510
577 2 481 59
577 2 489 56
577 2 496 76
577 2 504 93
577 2 512 23
577 2 516 44
577 2 520 40
577 2 524 253
577 2 528 42
577 2 532 52
577 2 537 27
577 2 539 41
577 2 546 37
577 2 550 51
577 2 555 36
577 2 560 62
577 2 564 44
577 2 569 43
577 2 574 423
577 2 579 63
577 2 585 42
577 2 590 68
577 2 595 57
577 2 601 70
577 2 606 48
577 2 612 76
577 2 618 84
577 2 624 46
577 2 630 101
577 2 636 59
577 2 642 80
577 2 648 63
577 2 655 78
577 2 661 106
577 2 668 70
577 2 675 286
577 2 682 109
577 2 689 84
577 2 697 96
577 2 704 464
577 2 720 104
577 2 728 198
577 2 736 107
577 2 744 123
577 2 753 232
577 2 762 146
577 2 771 99
577 2 780 106
577 2 789 124
577 2 799 109
577 2 809 139
577 2 819 114
577 2 829 211
577 2 840 104
577 2 851 128
577 2 862 179
577 2 873 118
577 2 885 241
577 2 897 147
577 2 910 150
577 2 923 537
577 2 936 134
577 2 950 277
577 2 962 201
577 2 978 129
577 2 992 144
577 2 1008 549
578 2 516 174
578 2 524 153
578 2 532 167
578 2 539 185
578 2 550 188
578 2 560 168
578 2 569 176
578 2 579 158
578 2 590 190
578 2 601 191
578 2 612 193
578 2 624 184
578 2 636 281
578 2 648 192
578 2 661 209
578 2 675 214
578 2 689 1072
578 2 704 602
578 2 720 245
578 2 736 240
578 2 753 528
578 2 771 693
578 2 789 646
578 2 809 219
578 2 829 287
578 2 851 259
578 2 873 467
578 2 897 355
578 2 923 490
578 2 949 292
578 2 978 320
578 2 1008 297
579 2 524 357
579 2 539 504
579 2 560 592
579 2 579 383
579 2 601 353
579 2 624 406
579 2 648 399
579 2 675 812
579 2 704 318
579 2 736 1143
579 2 771 1029
579 2 809 803
579 2 851 440
579 2 897 793
579 2 949 540
579 2 1008 515
580 2 539 862
580 2 579 552
580 2 624 1236
580 2 675 820
580 2 736 1387
580 2 809 1220
580 2 897 1807
580 2 1008 1235
581 2 579 1913
581 2 675 2071
581 2 809 3340
581 2 1008 8356
582 2 256 9
582 2 258 6
582 2 260 11
582 2 262 2
582 2 264 10
582 2 266 6
582 2 268 10
582 2 270 10
582 2 273 4
582 2 275 14
582 2 277 7
582 2 280 12
582 2 282 9
582 2 284 10
582 2 287 7
582 2 289 8
582 2 292 12
582 2 295 12
582 2 297 11
582 2 300 17
582 2 303 10
582 2 306 17
582 2 309 17
582 2 312 12
582 2 315 22
582 2 318 15
582 2 321 25
582 2 324 10
582 2 327 12
582 2 330 23
582 2 334 17
582 2 337 17
582 2 341 15
582 2 344 19
582 2 348 22
582 2 352 31
582 2 356 24
582 2 360 32
582 2 364 20
582 2 368 31
582 2 372 33
582 2 376 34
582 2 381 35
582 2 385 38
582 2 390 41
582 2 394 37
582 2 399 33
582 2 404 40
582 2 409 62
582 2 414 48
582 2 420 29
582 2 425 59
582 2 431 45
582 2 436 100
582 2 442 100
582 2 448 106
582 2 455 94
582 2 461 116
582 2 468 76
582 2 474 145
582 2 481 213
582 2 489 536
582 2 496 215
582 2 504 447
582 2 512 51
582 2 516 150
582 2 520 171
582 2 524 156
582 2 528 135
582 2 532 131
582 2 537 89
582 2 539 121
582 2 546 83
582 2 550 116
582 2 555 87
582 2 560 88
582 2 564 141
582 2 569 251
582 2 574 135
582 2 579 313
582 2 585 540
582 2 590 226
582 2 595 187
582 2 601 182
582 2 606 169
582 2 612 244
582 2 618 451
582 2 624 270
582 2 630 228
582 2 636 182
582 2 642 196
582 2 648 161
582 2 655 170
582 2 661 175
582 2 668 153
582 2 675 722
582 2 682 212
582 2 689 242
582 2 697 392
582 2 704 252
582 2 720 280
582 2 728 808
582 2 736 293
582 2 744 356
582 2 753 298
582 2 762 706
582 2 771 206
582 2 780 350
582 2 789 258
582 2 799 321
582 2 809 840
582 2 819 442
582 2 829 473
582 2 840 471
582 2 851 398
582 2 862 511
582 2 873 530
582 2 885 373
582 2 897 452
582 2 910 852
582 2 923 399
582 2 936 399
582 2 950 816
582 2 962 569
582 2 978 407
582 2 992 744
582 2 1008 1395
583 2 516 528
583 2 524 465
583 2 532 577
583 2 539 454
583 2 550 626
583 2 560 360
583 2 569 1008
583 2 579 545
583 2 590 685
583 2 601 648
583 2 612 562
583 2 624 874
583 2 636 1093
583 2 648 983
583 2 661 523
583 2 675 700
583 2 689 750
583 2 704 761
583 2 720 663
583 2 736 717
583 2 753 859
583 2 771 836
583 2 789 752
583 2 809 804
583 2 829 882
583 2 851 1300
583 2 873 1058
583 2 897 1160
583 2 923 1242
583 2 949 2175
583 2 978 986
583 2 1008 1213
584 2 524 1715
584 2 539 1285
584 2 560 2075
584 2 579 1590
584 2 601 1486
584 2 624 2188
584 2 648 1525
584 2 675 1715
584 2 704 1051
584 2 736 1837
584 2 771 2310
584 2 809 1723
584 2 851 1493
584 2 897 2737
584 2 949 2027
584 2 1008 1817
585 2 539 3764
585 2 579 1460
585 2 624 3889
585 2 675 1779
585 2 736 4216
585 2 809 3268
585 2 897 4846
585 2 1008 5819
586 2 579 7138
586 2 675 7608
586 2 809 7649
586 2 1008 27648
592 2 256 18
592 2 258 9
592 2 260 16
592 2 262 15
592 2 264 19
592 2 266 18
592 2 268 13
592 2 270 9
592 2 273 26
592 2 275 9
592 2 277 29
592 2 280 21
592 2 282 62
592 2 284 66
592 2 287 24
592 2 289 29
592 2 292 2551
592 2 295 1034
592 2 297 545
592 2 300 32
592 2 303 29
592 2 306 25
592 2 309 18
592 2 312 44
592 2 315 37
592 2 318 26
592 2 321 30
592 2 324 30
592 2 327 32
592 2 330 34
592 2 334 28
592 2 337 31
592 2 341 2082
592 2 344 2118
592 2 348 212
592 2 352 55
592 2 356 54
592 2 360 45
592 2 364 30
592 2 368 55
592 2 372 45
592 2 376 37
592 2 381 32
592 2 385 62
592 2 390 45
592 2 394 40
592 2 399 142
592 2 404 1644
592 2 409 2112
592 2 414 128
592 2 420 146
592 2 425 119
592 2 431 141
592 2 436 71
592 2 442 82
592 2 448 298
592 2 455 87
592 2 461 88
592 2 468 1647
592 2 474 117
592 2 481 119
592 2 489 483
592 2 496 269
592 2 504 113
592 2 512 166
592 2 516 247
592 2 520 152
592 2 524 383
592 2 528 175
592 2 532 1454
592 2 537 987
592 2 539 964
592 2 546 347
592 2 550 1404
592 2 555 421
592 2 560 372
592 2 564 583
592 2 569 354
592 2 574 581
592 2 579 555
592 2 585 422
592 2 590 532
592 2 595 294
592 2 601 503
592 2 606 384
592 2 612 475
592 2 618 514
592 2 624 503
592 2 630 2739
592 2 636 465
592 2 642 367
592 2 648 757
592 2 655 704
592 2 661 552
592 2 668 469
592 2 675 476
592 2 682 787
592 2 689 457
592 2 697 489
592 2 704 636
592 2 720 478
592 2 728 1460
592 2 736 774
592 2 744 708
592 2 753 971
592 2 762 2739
592 2 771 549
592 2 780 569
592 2 789 866
592 2 799 711
592 2 809 709
592 2 819 851
592 2 829 786
592 2 840 1049
592 2 851 861
592 2 862 22489
592 2 873 921
592 2 885 2929
592 2 897 877
592 2 910 1153
592 2 923 22671
592 2 936 912
592 2 950 1201
592 2 962 914
592 2 978 1053
592 2 992 22521
592 2 1008 3244
593 2 516 825
593 2 524 921
593 2 532 23413
593 2 539 2007
593 2 550 1282
593 2 560 855
593 2 569 831
593 2 579 23473
593 2 590 1053
593 2 601 910
593 2 612 2414
593 2 624 1960
593 2 636 26018
593 2 648 1019
593 2 661 1190
593 2 675 1206
593 2 689 1234
593 2 704 24106
593 2 720 1780
593 2 736 3584
593 2 753 2054
593 2 771 1232
593 2 789 24938
593 2 809 1327
593 2 829 4229
593 2 851 2325
593 2 873 1696
593 2 897 24745
593 2 923 1381
593 2 949 2163
593 2 978 1326
593 2 1008 3365
594 2 524 24754
594 2 539 2922
594 2 560 1651
594 2 579 1699
594 2 601 2527
594 2 624 26172
594 2 648 3216
594 2 675 1316
594 2 704 5659
594 2 736 1857
594 2 771 25208
594 2 809 5524
594 2 851 2099
594 2 897 3664
594 2 949 2087
594 2 1008 25602
595 2 539 2139
595 2 579 2128
595 2 624 2231
595 2 675 2702
595 2 736 21121
595 2 809 2583
595 2 897 3055
595 2 1008 3385
596 2 579 3811
596 2 675 21560
596 2 809 5086
596 2 1008 34924
597 2 256 6
597 2 260 5
597 2 262 10
597 2 264 7
597 2 266 5
597 2 268 3
597 2 270 3
597 2 275 10
597 2 277 5
597 2 280 5
597 2 282 2
597 2 284 6
597 2 287 4
597 2 289 13
597 2 292 5
597 2 295 4
597 2 300 6
597 2 303 10
597 2 306 2
597 2 309 8
597 2 312 8
597 2 315 8
597 2 318 3
597 2 321 5
597 2 324 6
597 2 327 8
597 2 330 5
597 2 334 9
597 2 337 7
597 2 341 7
597 2 344 5
597 2 348 7
597 2 352 2
597 2 356 6
597 2 360 10
597 2 364 14
597 2 368 2
597 2 372 9
597 2 376 9
597 2 381 7
597 2 385 4
597 2 390 8
597 2 394 11
597 2 399 10
597 2 404 13
597 2 409 5
597 2 414 6
597 2 420 7
597 2 425 9
597 2 431 15
597 2 436 10
597 2 442 11
597 2 448 7
597 2 455 13
597 2 461 14
597 2 468 7
597 2 474 19
597 2 481 11
597 2 489 15
597 2 496 15
597 2 504 381
597 2 512 11
597 2 516 11
597 2 520 7
597 2 524 4
597 2 528 5
597 2 532 4
597 2 537 8
597 2 539 10
597 2 546 12
597 2 550 6
597 2 555 4
597 2 560 8
597 2 564 16
597 2 569 4
597 2 574 9
597 2 579 1
597 2 585 18
597 2 590 8
597 2 595 5
597 2 601 9
597 2 606 17
597 2 612 10
597 2 618 8
597 2 624 5
597 2 630 7
597 2 636 14
597 2 642 11
597 2 648 6
597 2 655 6
597 2 661 19
597 2 668 3
597 2 675 17
597 2 682 9
597 2 689 8
597 2 697 28
597 2 704 13
597 2 720 20
597 2 728 28
597 2 736 7
597 2 744 13
597 2 753 21
597 2 762 15
597 2 771 3
597 2 780 13
597 2 789 13
597 2 799 33
597 2 809 10
597 2 819 24
597 2 829 24
597 2 840 32
597 2 851 29
597 2 862 27
597 2 873 17
597 2 885 399
597 2 897 38
597 2 910 19
597 2 923 14
597 2 936 25
597 2 950 42
597 2 962 41
597 2 978 41
597 2 992 54
597 2 1008 66
598 2 516 37
598 2 524 31
598 2 532 29
598 2 539 21
598 2 550 42
598 2 560 51
598 2 569 49
598 2 579 57
598 2 590 67
598 2 601 36
598 2 612 29
598 2 624 408
598 2 636 18
598 2 648 55
598 2 661 53
598 2 675 71
598 2 689 105
598 2 704 49
598 2 720 69
598 2 736 35
598 2 753 55
598 2 771 67
598 2 789 111
598 2 809 85
598 2 829 104
598 2 851 70
598 2 873 57
598 2 897 63
598 2 923 124
598 2 949 96
598 2 978 488
598 2 1008 93
599 2 524 78
599 2 539 73
599 2 560 142
599 2 579 166
599 2 601 104
599 2 624 75
599 2 648 141
599 2 675 562
599 2 704 111
599 2 736 102
599 2 771 173
599 2 809 220
599 2 851 122
599 2 897 156
599 2 949 269
599 2 1008 514
600 2 539 263
600 2 579 214
600 2 624 274
600 2 675 285
600 2 736 674
600 2 809 674
600 2 897 452
600 2 1008 464
601 2 579 1244
601 2 675 625
601 2 809 1455
601 2 1008 3914
602 2 256 6
602 2 258 4
602 2 262 5
602 2 264 14
602 2 266 3
602 2 268 6
602 2 270 8
602 2 273 6
602 2 275 2
602 2 277 5
602 2 280 4
602 2 282 6
602 2 284 4
602 2 289 10
602 2 292 5
602 2 295 9
602 2 297 9
602 2 300 15
602 2 303 7
602 2 306 13
602 2 309 8
602 2 312 29
602 2 315 8
602 2 318 17
602 2 321 16
602 2 324 13
602 2 327 13
602 2 330 15
602 2 334 6
602 2 337 10
602 2 341 16
602 2 344 11
602 2 348 16
602 2 352 16
602 2 356 24
602 2 360 107
602 2 364 17
602 2 368 24
602 2 372 23
602 2 376 31
602 2 381 16
602 2 385 21
602 2 390 23
602 2 394 20
602 2 399 16
602 2 404 14
602 2 409 32
602 2 414 21
602 2 420 34
602 2 425 34
602 2 431 36
602 2 436 47
602 2 442 42
602 2 448 28
602 2 455 43
602 2 461 40
602 2 468 154
602 2 474 513
602 2 481 45
602 2 489 72
602 2 496 42
602 2 504 100
602 2 512 36
602 2 516 56
602 2 520 35
602 2 524 225
602 2 528 51
602 2 532 52
602 2 537 47
602 2 539 33
602 2 546 67
602 2 550 36
602 2 555 58
602 2 560 50
602 2 564 487
602 2 569 54
602 2 574 47
602 2 579 83
602 2 585 54
602 2 590 77
602 2 595 451
602 2 601 76
602 2 606 82
602 2 612 99
602 2 618 313
602 2 624 76
602 2 630 98
602 2 636 83
602 2 642 105
602 2 648 211
602 2 655 101
602 2 661 95
602 2 668 95
602 2 675 110
602 2 682 554
602 2 689 101
602 2 697 213
602 2 704 136
602 2 720 120
602 2 728 262
602 2 736 170
602 2 744 278
602 2 753 149
602 2 762 174
602 2 771 144
602 2 780 131
602 2 789 391
602 2 799 167
602 2 809 169
602 2 819 161
602 2 829 270
602 2 840 553
602 2 851 199
602 2 862 240
602 2 873 401
602 2 885 210
602 2 897 229
602 2 910 231
602 2 923 194
602 2 936 203
602 2 950 267
602 2 962 259
602 2 978 593
602 2 992 615
602 2 1008 655
603 2 516 290
603 2 524 417
603 2 532 346
603 2 539 301
603 2 550 359
603 2 560 1407
603 2 569 658
603 2 579 339
603 2 590 651
603 2 601 415
603 2 612 770
603 2 624 515
603 2 636 491
603 2 648 566
603 2 661 1283
603 2 675 538
603 2 689 386
603 2 704 518
603 2 720 449
603 2 736 412
603 2 753 728
603 2 771 490
603 2 789 639
603 2 809 814
603 2 829 554
603 2 851 511
603 2 873 775
603 2 897 1084
603 2 923 1176
603 2 949 1295
603 2 978 829
603 2 1008 788
604 2 524 833
604 2 539 744
604 2 560 1083
604 2 579 777
604 2 601 799
604 2 624 1467
604 2 648 1332
604 2 675 1477
604 2 704 973
604 2 736 1136
604 2 771 1766
604 2 809 1363
604 2 851 1052
604 2 897 1865
604 2 949 1615
604 2 1008 1530
605 2 539 2403
605 2 579 3233
605 2 624 2158
605 2 675 1570
605 2 736 2079
605 2 809 1957
605 2 897 2594
605 2 1008 3418
606 2 579 3149
606 2 675 4838
606 2 809 4921
606 2 1008 16963
607 2 256 7
607 2 258 3
607 2 260 5
607 2 262 12
607 2 264 5
607 2 266 10
607 2 268 9
607 2 270 131
607 2 273 5
607 2 275 16
607 2 277 9
607 2 280 10
607 2 282 8
607 2 284 15
607 2 287 10
607 2 289 5
607 2 292 8
607 2 295 12
607 2 297 10
607 2 300 11
607 2 303 22
607 2 306 9
607 2 309 15
607 2 312 9
607 2 315 14
607 2 318 10
607 2 321 14
607 2 324 121
607 2 327 15
607 2 330 16
607 2 334 13
607 2 337 17
607 2 341 19
607 2 344 20
607 2 348 21
607 2 352 14
607 2 356 21
607 2 360 18
607 2 364 27
607 2 368 10
607 2 372 24
607 2 376 24
607 2 381 29
607 2 385 17
607 2 390 19
607 2 394 15
607 2 399 21
607 2 404 19
607 2 409 25
607 2 414 26
607 2 420 28
607 2 425 31
607 2 431 38
607 2 436 29
607 2 442 46
607 2 448 53
607 2 455 48
607 2 461 42
607 2 468 38
607 2 474 52
607 2 481 43
607 2 489 52
607 2 496 90
607 2 504 55
607 2 512 21
607 2 516 48
607 2 520 43
607 2 524 107
607 2 528 37
607 2 532 49
607 2 537 27
607 2 539 36
607 2 546 39
607 2 550 46
607 2 555 48
607 2 560 36
607 2 564 62
607 2 569 141
607 2 574 438
607 2 579 49
607 2 585 43
607 2 590 83
607 2 595 61
607 2 601 64
607 2 606 120
607 2 612 69
607 2 618 130
607 2 624 79
607 2 630 97
607 2 636 73
607 2 642 75
607 2 648 58
607 2 655 80
607 2 661 501
607 2 668 95
607 2 675 116
607 2 682 88
607 2 689 123
607 2 697 134
607 2 704 490
607 2 720 119
607 2 728 256
607 2 736 234
607 2 744 169
607 2 753 124
607 2 762 163
607 2 771 130
607 2 780 234
607 2 789 166
607 2 799 204
607 2 809 172
607 2 819 189
607 2 829 744
607 2 840 183
607 2 851 199
607 2 862 280
607 2 873 216
607 2 885 489
607 2 897 286
607 2 910 266
607 2 923 643
607 2 936 261
607 2 950 548
607 2 962 777
607 2 978 243
607 2 992 259
607 2 1008 984
608 2 516 324
608 2 524 315
608 2 532 328
608 2 539 415
608 2 550 321
608 2 560 281
608 2 569 364
608 2 579 398
608 2 590 738
608 2 601 379
608 2 612 351
608 2 624 348
608 2 636 514
608 2 648 334
608 2 661 777
608 2 675 419
608 2 689 729
608 2 704 830
608 2 720 450
608 2 736 463
608 2 753 793
608 2 771 934
608 2 789 1029
608 2 809 914
608 2 829 543
608 2 851 533
608 2 873 658
608 2 897 683
608 2 923 777
608 2 949 998
608 2 978 1123
608 2 1008 646
609 2 524 1696
609 2 539 789
609 2 560 645
609 2 579 916
609 2 601 910
609 2 624 987
609 2 648 1564
609 2 675 1042
609 2 704 1623
609 2 736 1543
609 2 771 1223
609 2 809 1664
609 2 851 1780
609 2 897 1463
609 2 949 1068
609 2 1008 1335
610 2 539 1473
610 2 579 1069
610 2 624 2114
610 2 675 1429
610 2 736 3317
610 2 809 2230
610 2 897 2895
610 2 1008 3256
611 2 579 4630
611 2 675 3812
611 2 809 5683
611 2 1008 15596
612 2 256 11
612 2 258 2
612 2 260 143
612 2 262 4
612 2 264 14
612 2 266 3
612 2 268 8
612 2 270 7
612 2 273 4
612 2 275 8
612 2 277 441
612 2 280 17
612 2 282 8
612 2 284 10
612 2 287 3
612 2 289 5
612 2 292 9
612 2 295 11
612 2 297 5
612 2 300 10
612 2 303 14
612 2 306 108
612 2 309 11
612 2 312 17
612 2 315 12
612 2 318 16
612 2 321 11
612 2 324 4
612 2 327 14
612 2 330 15
612 2 334 463
612 2 337 24
612 2 341 9
612 2 344 12
612 2 348 12
612 2 352 20
612 2 356 16
612 2 360 13
612 2 364 40
612 2 368 178
612 2 372 33
612 2 376 12
612 2 381 25
612 2 385 150
612 2 390 25
612 2 394 17
612 2 399 33
612 2 404 29
612 2 409 43
612 2 414 45
612 2 420 46
612 2 425 36
612 2 431 35
612 2 436 171
612 2 442 45
612 2 448 44
612 2 455 28
612 2 461 32
612 2 468 62
612 2 474 33
612 2 481 64
612 2 489 72
612 2 496 54
612 2 504 52
612 2 512 43
612 2 516 37
612 2 520 29
612 2 524 63
612 2 528 39
612 2 532 39
612 2 537 24
612 2 539 27
612 2 546 56
612 2 550 35
612 2 555 34
612 2 560 38
612 2 564 264
612 2 569 44
612 2 574 50
612 2 579 55
612 2 585 48
612 2 590 54
612 2 595 46
612 2 601 57
612 2 606 53
612 2 612 71
612 2 618 106
612 2 624 55
612 2 630 78
612 2 636 61
612 2 642 71
612 2 648 60
612 2 655 70
612 2 661 64
612 2 668 90
612 2 675 59
612 2 682 83
612 2 689 82
612 2 697 192
612 2 704 101
612 2 720 460
612 2 728 231
612 2 736 111
612 2 744 123
612 2 753 141
612 2 762 105
612 2 771 101
612 2 780 99
612 2 789 100
612 2 799 142
612 2 809 110
612 2 819 130
612 2 829 137
612 2 840 873
612 2 851 119
612 2 862 231
612 2 873 168
612 2 885 165
612 2 897 164
612 2 910 190
612 2 923 155
612 2 936 158
612 2 950 174
612 2 962 391
612 2 978 533
612 2 992 553
612 2 1008 474
613 2 516 234
613 2 524 248
613 2 532 238
613 2 539 224
613 2 550 242
613 2 560 377
613 2 569 610
613 2 579 680
613 2 590 311
613 2 601 305
613 2 612 286
613 2 624 414
613 2 636 341
613 2 648 807
613 2 661 260
613 2 675 429
613 2 689 281
613 2 704 366
613 2 720 347
613 2 736 329
613 2 753 383
613 2 771 368
613 2 789 623
613 2 809 689
613 2 829 452
613 2 851 388
613 2 873 556
613 2 897 855
613 2 923 395
613 2 949 492
613 2 978 675
613 2 1008 463
614 2 524 428
614 2 539 682
614 2 560 466
614 2 579 531
614 2 601 595
614 2 624 828
614 2 648 1020
614 2 675 1330
614 2 704 723
614 2 736 631
614 2 771 757
614 2 809 673
614 2 851 1038
614 2 897 1280
614 2 949 1759
614 2 1008 1670
615 2 539 1399
615 2 579 1013
615 2 624 2021
615 2 675 2580
615 2 736 1913
615 2 809 1643
615 2 897 2054
615 2 1008 2820
616 2 579 2774
616 2 675 2441
616 2 809 3386
616 2 1008 10097
617 2 256 8
617 2 258 3
617 2 260 2
617 2 262 6
617 2 264 4
617 2 266 8
617 2 268 16
617 2 270 4
617 2 273 6
617 2 275 4
617 2 277 3
617 2 280 9
617 2 282 9
617 2 284 51
617 2 287 3
617 2 289 7
617 2 292 15
617 2 295 7
617 2 297 4
617 2 300 7
617 2 303 5
617 2 306 10
617 2 309 7
617 2 312 7
617 2 315 8
617 2 318 19
617 2 321 379
617 2 324 13
617 2 327 3
617 2 330 9
617 2 334 9
617 2 337 384
617 2 341 4
617 2 344 6
617 2 348 11
617 2 352 17
617 2 356 6
617 2 360 10
617 2 364 10
617 2 368 11
617 2 372 11
617 2 376 388
617 2 381 7
617 2 385 9
617 2 390 7
617 2 394 13
617 2 399 5
617 2 404 16
617 2 409 14
617 2 414 41
617 2 420 25
617 2 425 14
617 2 431 6
617 2 436 5
617 2 442 15
617 2 448 12
617 2 455 80
617 2 461 15
617 2 468 7
617 2 474 22
617 2 481 13
617 2 489 10
617 2 496 14
617 2 504 19
617 2 512 12
617 2 516 11
617 2 520 7
617 2 524 4
617 2 528 3
617 2 532 7
617 2 537 11
617 2 539 13
617 2 546 6
617 2 550 49
617 2 555 11
617 2 560 6
617 2 564 7
617 2 569 3
617 2 574 15
617 2 579 4
617 2 585 16
617 2 590 15
617 2 595 21
617 2 601 1
617 2 606 55
617 2 612 8
617 2 618 6
617 2 624 8
617 2 630 17
617 2 636 11
617 2 642 11
617 2 648 11
617 2 655 14
617 2 661 11
617 2 668 9
617 2 675 71
617 2 682 12
617 2 689 8
617 2 697 11
617 2 704 8
617 2 720 12
617 2 728 29
617 2 736 15
617 2 744 82
617 2 753 6
617 2 762 18
617 2 771 13
617 2 780 10
617 2 789 10
617 2 799 24
617 2 809 12
617 2 819 384
617 2 829 13
617 2 840 6
617 2 851 22
617 2 862 27
617 2 873 21
617 2 885 16
617 2 897 8
617 2 910 15
617 2 923 14
617 2 936 26
617 2 950 14
617 2 962 21
617 2 978 17
617 2 992 14
617 2 1008 55
618 2 516 19
618 2 524 10
618 2 532 16
618 2 539 30
618 2 550 40
618 2 560 28
618 2 569 18
618 2 579 14
618 2 590 39
618 2 601 406
618 2 612 34
618 2 624 26
618 2 636 46
618 2 648 53
618 2 661 36
618 2 675 60
618 2 689 44
618 2 704 60
618 2 720 72
618 2 736 58
618 2 753 153
618 2 771 75
618 2 789 64
618 2 809 67
618 2 829 99
618 2 851 77
618 2 873 88
618 2 897 93
618 2 923 97
618 2 949 167
618 2 978 200
618 2 1008 106
619 2 524 95
619 2 539 113
619 2 560 511
619 2 579 127
619 2 601 108
619 2 624 130
619 2 648 153
619 2 675 146
619 2 704 324
619 2 736 173
619 2 771 164
619 2 809 164
619 2 851 170
619 2 897 667
619 2 949 301
619 2 1008 181
620 2 539 365
620 2 579 174
620 2 624 330
620 2 675 208
620 2 736 421
620 2 809 263
620 2 897 393
620 2 1008 518
621 2 579 468
621 2 675 650
621 2 809 848
621 2 1008 2057
622 2 262 2
622 2 264 3
622 2 266 3
622 2 268 4
622 2 273 3
622 2 275 2
622 2 277 6
622 2 280 1
622 2 282 4
622 2 284 2
622 2 289 4
622 2 292 4
622 2 295 2
622 2 297 4
622 2 300 3
622 2 303 1
622 2 306 4
622 2 309 5
622 2 312 2
622 2 315 4
622 2 318 4
622 2 321 1
622 2 324 3
622 2 327 5
622 2 330 3
622 2 334 7
622 2 337 3
622 2 341 4
622 2 344 10
622 2 348 3
622 2 352 4
622 2 356 5
622 2 360 8
622 2 364 4
622 2 368 5
622 2 372 5
622 2 376 5
622 2 381 4
622 2 385 9
622 2 390 6
622 2 394 12
622 2 399 6
622 2 404 44
622 2 409 9
622 2 414 14
622 2 420 9
622 2 425 9
622 2 431 9
622 2 436 11
622 2 442 13
622 2 448 6
622 2 455 8
622 2 461 12
622 2 468 18
622 2 474 14
622 2 481 12
622 2 489 10
622 2 496 15
622 2 504 18
622 2 512 6
622 2 516 6
622 2 520 6
622 2 524 15
622 2 528 6
622 2 532 13
622 2 537 5
622 2 539 9
622 2 546 6
622 2 550 15
622 2 555 9
622 2 560 13
622 2 564 19
622 2 569 6
622 2 574 75
622 2 579 17
622 2 585 20
622 2 590 16
622 2 595 15
622 2 601 11
622 2 606 15
622 2 612 17
622 2 618 26
622 2 624 17
622 2 630 25
622 2 636 16
622 2 642 20
622 2 648 12
622 2 655 29
622 2 661 23
622 2 668 23
622 2 675 14
622 2 682 19
622 2 689 19
622 2 697 31
622 2 704 26
622 2 720 30
622 2 728 55
622 2 736 37
622 2 744 34
622 2 753 38
622 2 762 37
622 2 771 30
622 2 780 92
622 2 789 41
622 2 799 41
622 2 809 31
622 2 819 45
622 2 829 61
622 2 840 36
622 2 851 73
622 2 862 83
622 2 873 60
622 2 885 60
622 2 897 57
622 2 910 69
622 2 923 67
622 2 936 156
622 2 950 74
622 2 962 89
622 2 978 72
622 2 992 97
622 2 1008 350
623 2 516 105
623 2 524 119
623 2 532 114
623 2 539 113
623 2 550 115
623 2 560 156
623 2 569 138
623 2 579 206
623 2 590 278
623 2 601 175
623 2 612 161
623 2 624 165
623 2 636 281
623 2 648 160
623 2 661 240
623 2 675 210
623 2 689 210
623 2 704 319
623 2 720 241
623 2 736 235
623 2 753 305
623 2 771 307
623 2 789 435
623 2 809 468
623 2 829 430
623 2 851 357
623 2 873 430
623 2 897 575
623 2 923 402
623 2 949 492
623 2 978 515
623 2 1008 419
624 2 524 661
624 2 539 498
624 2 560 519
624 2 579 616
624 2 601 578
624 2 624 934
624 2 648 618
624 2 675 912
624 2 704 537
624 2 736 936
624 2 771 1144
624 2 809 866
624 2 851 711
624 2 897 1035
624 2 949 1224
624 2 1008 946
625 2 539 1518
625 2 579 1042
625 2 624 1879
625 2 675 1025
625 2 736 1771
625 2 809 1548
625 2 897 2514
625 2 1008 2364
626 2 579 2746
626 2 675 3392
626 2 809 3520
626 2 1008 11475
627 2 258 5
627 2 260 1
627 2 262 4
627 2 264 2
627 2 266 2
627 2 268 3
627 2 270 3
627 2 273 1
627 2 275 5
627 2 277 5
627 2 280 3
627 2 282 3
627 2 284 5
627 2 287 1
627 2 289 6
627 2 292 3
627 2 295 2
627 2 297 3
627 2 300 8
627 2 303 3
627 2 306 5
627 2 309 7
627 2 312 7
627 2 315 6
627 2 318 7
627 2 321 6
627 2 324 5
627 2 327 8
627 2 330 83
627 2 334 6
627 2 337 6
627 2 341 14
627 2 344 2
627 2 348 9
627 2 352 9
627 2 356 10
627 2 360 9
627 2 364 12
627 2 368 13
627 2 372 10
627 2 376 10
627 2 381 11
627 2 385 11
627 2 390 18
627 2 394 10
627 2 399 9
627 2 404 10
627 2 409 17
627 2 414 11
627 2 420 10
627 2 425 20
627 2 431 14
627 2 436 23
627 2 442 17
627 2 448 19
627 2 455 18
627 2 461 20
627 2 468 18
627 2 474 16
627 2 481 19
627 2 489 24
627 2 496 22
627 2 504 30
627 2 512 15
627 2 516 22
627 2 520 13
627 2 524 21
627 2 528 16
627 2 532 19
627 2 537 22
627 2 539 14
627 2 546 13
627 2 550 20
627 2 555 17
627 2 560 23
627 2 564 22
627 2 569 20
627 2 574 22
627 2 579 20
627 2 585 15
627 2 590 29
627 2 595 27
627 2 601 16
627 2 606 36
627 2 612 34
627 2 618 49
627 2 624 25
627 2 630 34
627 2 636 28
627 2 642 32
627 2 648 29
627 2 655 33
627 2 661 26
627 2 668 113
627 2 675 38
627 2 682 35
627 2 689 33
627 2 697 57
627 2 704 38
627 2 720 40
627 2 728 102
627 2 736 42
627 2 744 48
627 2 753 36
627 2 762 47
627 2 771 38
627 2 780 52
627 2 789 44
627 2 799 59
627 2 809 47
627 2 819 42
627 2 829 64
627 2 840 54
627 2 851 134
627 2 862 95
627 2 873 49
627 2 885 59
627 2 897 75
627 2 910 62
627 2 923 70
627 2 936 60
627 2 950 109
627 2 962 142
627 2 978 59
627 2 992 73
627 2 1008 194
628 2 516 75
628 2 524 87
628 2 532 80
628 2 539 85
628 2 550 100
628 2 560 85
628 2 569 86
628 2 579 96
628 2 590 140
628 2 601 255
628 2 612 94
628 2 624 130
628 2 636 160
628 2 648 107
628 2 661 252
628 2 675 151
628 2 689 204
628 2 704 209
628 2 720 154
628 2 736 140
628 2 753 202
628 2 771 188
628 2 789 245
628 2 809 159
628 2 829 250
628 2 851 183
628 2 873 195
628 2 897 264
628 2 923 315
628 2 949 201
628 2 978 367
628 2 1008 231
629 2 524 326
629 2 539 409
629 2 560 269
629 2 579 313
629 2 601 335
629 2 624 313
629 2 648 407
629 2 675 396
629 2 704 253
629 2 736 365
629 2 771 515
629 2 809 508
629 2 851 536
629 2 897 617
629 2 949 553
629 2 1008 516
630 2 539 666
630 2 579 551
630 2 624 785
630 2 675 615
630 2 736 1128
630 2 809 847
630 2 897 1081
630 2 1008 1137
631 2 579 1479
631 2 675 1451
631 2 809 1761
631 2 1008 6060
632 2 256 12
632 2 258 1
632 2 260 7
632 2 262 4
632 2 264 10
632 2 266 7
632 2 268 2
632 2 270 6
632 2 273 2
632 2 275 10
632 2 277 57
632 2 280 10
632 2 282 11
632 2 284 7
632 2 287 1
632 2 289 5
632 2 292 7
632 2 295 6
632 2 297 5
632 2 300 15
632 2 303 8
632 2 306 8
632 2 309 13
632 2 312 11
632 2 315 10
632 2 318 7
632 2 321 7
632 2 324 7
632 2 327 11
632 2 330 10
632 2 334 7
632 2 337 12
632 2 341 11
632 2 344 8
632 2 348 10
632 2 352 20
632 2 356 18
632 2 360 19
632 2 364 11
632 2 368 9
632 2 372 20
632 2 376 53
632 2 381 21
632 2 385 19
632 2 390 14
632 2 394 17
632 2 399 23
632 2 404 18
632 2 409 18
632 2 414 16
632 2 420 24
632 2 425 32
632 2 431 94
632 2 436 37
632 2 442 42
632 2 448 26
632 2 455 28
632 2 461 34
632 2 468 36
632 2 474 33
632 2 481 27
632 2 489 71
632 2 496 31
632 2 504 38
632 2 512 13
632 2 516 29
632 2 520 21
632 2 524 37
632 2 528 20
632 2 532 96
632 2 537 18
632 2 539 23
632 2 546 12
632 2 550 31
632 2 555 23
632 2 560 23
632 2 564 25
632 2 569 19
632 2 574 26
632 2 579 29
632 2 585 20
632 2 590 41
632 2 595 30
632 2 601 13
632 2 606 27
632 2 612 47
632 2 618 42
632 2 624 24
632 2 630 32
632 2 636 33
632 2 642 40
632 2 648 40
632 2 655 35
632 2 661 97
632 2 668 39
632 2 675 32
632 2 682 48
632 2 689 47
632 2 697 94
632 2 704 27
632 2 720 55
632 2 728 87
632 2 736 43
632 2 744 40
632 2 753 55
632 2 762 61
632 2 771 45
632 2 780 39
632 2 789 96
632 2 799 57
632 2 809 74
632 2 819 70
632 2 829 69
632 2 840 45
632 2 851 77
632 2 862 104
632 2 873 142
632 2 885 70
632 2 897 97
632 2 910 84
632 2 923 71
632 2 936 83
632 2 950 104
632 2 962 115
632 2 978 204
632 2 992 176
632 2 1008 251
633 2 516 117
633 2 524 107
633 2 532 132
633 2 539 104
633 2 550 138
633 2 560 125
633 2 569 154
633 2 579 113
633 2 590 180
633 2 601 151
633 2 612 139
633 2 624 298
633 2 636 204
633 2 648 141
633 2 661 168
633 2 675 195
633 2 689 219
633 2 704 223
633 2 720 170
633 2 736 170
633 2 753 193
633 2 771 228
633 2 789 231
633 2 809 283
633 2 829 247
633 2 851 204
633 2 873 291
633 2 897 270
633 2 923 329
633 2 949 298
633 2 978 301
633 2 1008 236
634 2 524 246
634 2 539 305
634 2 560 287
634 2 579 516
634 2 601 366
634 2 624 513
634 2 648 361
634 2 675 405
634 2 704 267
634 2 736 416
634 2 771 508
634 2 809 474
634 2 851 478
634 2 897 549
634 2 949 487
634 2 1008 448
635 2 539 983
635 2 579 452
635 2 624 1047
635 2 675 541
635 2 736 1083
635 2 809 823
635 2 897 1324
635 2 1008 1213
636 2 579 1418
636 2 675 1556
636 2 809 2139
636 2 1008 6883
637 2 256 8
637 2 258 7
637 2 260 8
637 2 262 11
637 2 264 12
637 2 266 7
637 2 268 6
637 2 270 6
637 2 273 6
637 2 275 97
637 2 277 6
637 2 280 11
637 2 282 9
637 2 284 9
637 2 287 6
637 2 289 10
637 2 292 3
637 2 295 8
637 2 297 14
637 2 300 11
637 2 303 9
637 2 306 17
637 2 309 19
637 2 312 9
637 2 315 6
637 2 318 19
637 2 321 16
637 2 324 24
637 2 327 11
637 2 330 12
637 2 334 17
637 2 337 26
637 2 341 7
637 2 344 10
637 2 348 25
637 2 352 22
637 2 356 26
637 2 360 18
637 2 364 21
637 2 368 28
637 2 372 27
637 2 376 28
637 2 381 26
637 2 385 10
637 2 390 26
637 2 394 22
637 2 399 27
637 2 404 22
637 2 409 26
637 2 414 38
637 2 420 41
637 2 425 31
637 2 431 41
637 2 436 32
637 2 442 47
637 2 448 34
637 2 455 34
637 2 461 36
637 2 468 40
637 2 474 43
637 2 481 61
637 2 489 58
637 2 496 50
637 2 504 67
637 2 512 22
637 2 516 33
637 2 520 40
637 2 524 76
637 2 528 27
637 2 532 31
637 2 537 24
637 2 539 31
637 2 546 38
637 2 550 25
637 2 555 63
637 2 560 56
637 2 564 38
637 2 569 31
637 2 574 33
637 2 579 50
637 2 585 25
637 2 590 46
637 2 595 27
637 2 601 29
637 2 606 46
637 2 612 46
637 2 618 71
637 2 624 40
637 2 630 40
637 2 636 47
637 2 642 34
637 2 648 57
637 2 655 57
637 2 661 48
637 2 668 48
637 2 675 49
637 2 682 53
637 2 689 123
637 2 697 73
637 2 704 40
637 2 720 62
637 2 728 119
637 2 736 86
637 2 744 62
637 2 753 80
637 2 762 65
637 2 771 60
637 2 780 51
637 2 789 71
637 2 799 85
637 2 809 75
637 2 819 65
637 2 829 153
637 2 840 78
637 2 851 77
637 2 862 218
637 2 873 82
637 2 885 95
637 2 897 93
637 2 910 78
637 2 923 93
637 2 936 117
637 2 950 113
637 2 962 660
637 2 978 983
637 2 992 100
637 2 1008 243
638 2 516 113
638 2 524 102
638 2 532 115
638 2 539 98
638 2 550 204
638 2 560 107
638 2 569 230
638 2 579 557
638 2 590 241
638 2 601 135
638 2 612 197
638 2 624 131
638 2 636 230
638 2 648 285
638 2 661 170
638 2 675 325
638 2 689 277
638 2 704 808
638 2 720 310
638 2 736 527
638 2 753 180
638 2 771 288
638 2 789 191
638 2 809 148
638 2 829 221
638 2 851 193
638 2 873 202
638 2 897 257
638 2 923 220
638 2 949 185
638 2 978 1025
638 2 1008 224
639 2 524 382
639 2 539 266
639 2 560 372
639 2 579 377
639 2 601 281
639 2 624 315
639 2 648 342
639 2 675 378
639 2 704 345
639 2 736 461
639 2 771 465
639 2 809 386
639 2 851 456
639 2 897 608
639 2 949 656
639 2 1008 795
640 2 539 752
640 2 579 439
640 2 624 824
640 2 675 749
640 2 736 1084
640 2 809 764
640 2 897 1080
640 2 1008 1292
641 2 579 1464
641 2 675 2332
641 2 809 1953
641 2 1008 6089
647 2 268 37
647 2 273 4
647 2 275 2
647 2 280 1
647 2 284 1
647 2 289 1
647 2 297 1
647 2 312 1
647 2 321 1
647 2 348 1
647 2 356 1
647 2 368 1
647 2 381 1
647 2 385 1
647 2 390 1
647 2 394 1
647 2 399 1
647 2 404 1
647 2 414 1
647 2 420 1
647 2 425 1
647 2 436 1
647 2 448 1
647 2 455 1
647 2 461 1
647 2 468 1
647 2 474 3
647 2 504 4
647 2 516 1
647 2 546 1
647 2 550 2
647 2 555 3
647 2 564 1
647 2 585 1
647 2 590 1
647 2 595 2
647 2 601 1
647 2 642 2
647 2 655 2
647 2 661 1
647 2 668 2
647 2 697 3
647 2 704 3
647 2 762 3
647 2 771 1
647 2 780 3
647 2 789 2
647 2 829 3
647 2 840 3
647 2 910 6
647 2 923 2
647 2 936 1
647 2 950 1
647 2 978 5
647 2 992 3
647 2 1008 2
648 2 524 1
648 2 532 2
648 2 539 4
648 2 550 4
648 2 560 1
648 2 569 4
648 2 579 3
648 2 590 1
648 2 612 2
648 2 624 1
648 2 636 4
648 2 648 4
648 2 661 2
648 2 675 8
648 2 720 4
648 2 736 1
648 2 753 4
648 2 771 3
648 2 789 10
648 2 809 2
648 2 851 3
648 2 873 3
648 2 897 3
648 2 923 9
648 2 949 6
648 2 1008 4
649 2 524 5
649 2 539 2
649 2 560 13
649 2 601 5
649 2 624 4
649 2 648 14
649 2 675 1
649 2 704 6
649 2 736 3
649 2 771 14
649 2 809 4
649 2 851 5
649 2 897 14
649 2 949 6
649 2 1008 9
650 2 539 15
650 2 579 6
650 2 624 16
650 2 675 9
650 2 736 18
650 2 809 7
650 2 897 18
650 2 1008 20
651 2 579 19
651 2 675 21
651 2 809 20
651 2 1008 85
652 2 648 1428
653 2 648 112
654 2 516 16
654 2 524 16
654 2 612 12
654 2 624 12
654 2 630 24
654 2 648 208
655 2 574 12
655 2 585 12
655 2 595 12
655 2 601 12
655 2 648 208
656 2 539 12
656 2 550 12
656 2 560 12
656 2 569 12
656 2 648 208
657 2 516 12
657 2 532 12
657 2 642 32
657 2 648 176
658 2 624 16
658 2 630 32
658 2 642 16
658 2 648 144
659 2 601 32
659 2 612 16
659 2 624 16
659 2 648 144
660 2 569 16
660 2 574 16
660 2 585 16
660 2 595 16
660 2 648 2384
661 2 532 16
661 2 539 16
661 2 550 16
661 2 560 16
661 2 642 24
661 2 648 120
669 0 675 5342
670 0 675 280
671 0 675 232
672 2 675 1015
672 2 682 2
672 2 689 511
672 2 697 512
672 2 704 3
672 2 720 4
672 2 728 7
672 2 736 1
672 2 744 2
672 2 753 3
672 2 762 3
672 2 771 2
672 2 789 3
672 2 799 3
672 2 819 2
672 2 829 2
672 2 840 1
672 2 851 3
672 2 873 3
672 2 885 1
672 2 897 1
672 2 910 2
672 2 923 2
672 2 936 1
672 2 950 1
672 2 962 2
672 2 978 1
672 2 992 512
672 2 1008 4
673 2 516 5
673 2 524 1
673 2 532 2
673 2 539 3
673 2 550 2
673 2 560 2
673 2 569 3
673 2 579 1
673 2 590 2
673 2 601 2
673 2 612 2
673 2 624 3
673 2 636 2
673 2 648 1
673 2 661 3
673 2 675 2
673 2 689 3
673 2 704 2
673 2 736 4
673 2 753 1
673 2 771 3
673 2 789 2
673 2 809 1
673 2 829 3
673 2 851 2
673 2 897 5
673 2 923 1
673 2 949 4
673 2 978 1
673 2 1008 513
674 2 524 1022
674 2 539 518
674 2 560 13
674 2 579 6
674 2 601 10
674 2 624 10
674 2 648 7
674 2 675 520
674 2 704 11
674 2 736 9
674 2 771 9
674 2 809 13
674 2 851 6
674 2 897 10
674 2 949 519
674 2 1008 1034
675 2 539 534
675 2 579 24
675 2 624 20
675 2 675 539
675 2 736 23
675 2 809 24
675 2 897 30
675 2 1008 24
676 2 579 29
676 2 675 32
676 2 809 38
676 2 1008 192
677 2 404 508
677 2 409 2
677 2 414 510
677 2 420 3
677 2 425 2
677 2 431 1
677 2 436 1
677 2 442 2
677 2 448 1
677 2 455 509
677 2 461 3
677 2 468 510
677 2 474 5
677 2 481 3
677 2 489 4
677 2 496 1
677 2 504 3
677 2 512 2
677 2 520 2
677 2 524 509
677 2 528 508
677 2 532 4
677 2 537 2
677 2 539 5
677 2 550 1021
677 2 555 4
677 2 560 4
677 2 564 5
677 2 569 2
677 2 574 2
677 2 579 3
677 2 585 511
677 2 590 4
677 2 595 4
677 2 601 2
677 2 606 5
677 2 612 4
677 2 618 2
677 2 624 4
677 2 630 4
677 2 642 3
677 2 648 3
677 2 655 4
677 2 661 2
677 2 668 2
677 2 675 4
677 2 682 2
677 2 689 4
677 2 704 512
677 2 728 10
677 2 736 7
677 2 744 2
677 2 753 1
677 2 762 2
677 2 771 7
677 2 780 1
677 2 789 3
677 2 799 1
677 2 809 5
677 2 819 3
677 2 829 2
677 2 840 4
677 2 851 3
677 2 862 2
677 2 873 3
677 2 885 3
677 2 897 2
677 2 910 5
677 2 923 1
677 2 936 2
677 2 950 4
677 2 962 3
677 2 978 3
677 2 992 1
677 2 1008 7
678 2 516 3
678 2 524 1
678 2 532 5
678 2 539 4
678 2 550 1
678 2 560 2
678 2 569 6
678 2 579 2
678 2 590 3
678 2 601 1
678 2 612 4
678 2 624 4
678 2 636 1
678 2 648 3
678 2 661 5
678 2 675 2
678 2 689 5
678 2 704 2
678 2 720 510
678 2 736 1024
678 2 753 520
678 2 771 10
678 2 789 8
678 2 809 11
678 2 829 7
678 2 851 7
678 2 873 8
678 2 897 8
678 2 923 6
678 2 949 518
678 2 978 11
678 2 1008 9
679 2 524 7
679 2 539 11
679 2 560 8
679 2 579 10
679 2 601 8
679 2 624 7
679 2 648 10
679 2 675 10
679 2 704 11
679 2 736 9
679 2 771 1024
679 2 809 1042
679 2 851 24
679 2 897 20
679 2 949 528
679 2 1008 26
680 2 539 21
680 2 579 23
680 2 624 2064
680 2 675 43
680 2 736 548
680 2 809 2097
680 2 897 576
680 2 1008 2119
681 2 579 603
681 2 675 101
681 2 809 111
681 2 1008 279
684 2 601 509
684 2 624 1023
684 2 648 519
684 2 675 10
684 2 704 8
684 2 736 6
684 2 771 518
684 2 809 10
684 2 851 8
684 2 897 7
684 2 949 7
684 2 1008 1027
685 2 539 1037
685 2 579 23
685 2 624 20
685 2 675 531
685 2 736 22
685 2 809 21
685 2 897 2073
685 2 1008 47
686 2 579 556
686 2 675 51
686 2 809 52
686 2 1008 133
687 2 744 507
687 2 753 508
687 2 762 513
687 2 771 512
687 2 780 4
687 2 789 3
687 2 799 4
687 2 809 3
687 2 819 2
687 2 829 3
687 2 840 3
687 2 851 2
687 2 862 1
687 2 873 3
687 2 885 3
687 2 910 4
687 2 936 3
687 2 950 1
687 2 962 511
687 2 978 4
687 2 992 3
687 2 1008 6
688 2 516 1
688 2 524 3
688 2 532 3
688 2 539 2
688 2 550 2
688 2 560 2
688 2 569 4
688 2 579 1
688 2 590 3
688 2 601 2
688 2 612 1
688 2 624 4
688 2 636 1
688 2 648 1
688 2 661 4
688 2 689 4
688 2 704 2
688 2 720 1
688 2 736 4
688 2 771 5
688 2 809 4
688 2 829 1529
688 2 851 519
688 2 873 10
688 2 897 7
688 2 923 8
688 2 949 7
688 2 978 7
688 2 1008 7
689 2 524 7
689 2 539 6
689 2 560 7
689 2 579 517
689 2 601 11
689 2 624 7
689 2 648 10
689 2 675 7
689 2 704 7
689 2 736 6
689 2 771 9
689 2 809 10
689 2 851 6
689 2 897 1028
689 2 949 1045
689 2 1008 19
690 2 539 19
690 2 579 533
690 2 624 24
690 2 675 21
690 2 736 2078
690 2 809 39
690 2 897 558
690 2 1008 44
691 2 579 48
691 2 675 45
691 2 809 54
691 2 1008 159
692 2 618 1015
692 2 624 513
692 2 636 513
692 2 642 6
692 2 655 4
692 2 661 1
692 2 668 2
692 2 675 3
692 2 682 2
692 2 689 1
692 2 697 4
692 2 704 1
692 2 720 2
692 2 728 4
692 2 744 1
692 2 753 3
692 2 762 1
692 2 771 2
692 2 780 1
692 2 789 1
692 2 799 2
692 2 809 2
692 2 819 1
692 2 829 509
692 2 840 3
692 2 851 3
692 2 862 2
692 2 873 4
692 2 885 1
692 2 897 4
692 2 910 1
692 2 923 2
692 2 950 5
692 2 978 1
692 2 992 4
692 2 1008 1
693 2 516 5
693 2 524 1
693 2 532 1
693 2 539 2
693 2 550 2
693 2 569 4
693 2 579 1
693 2 590 2
693 2 601 2
693 2 612 2
693 2 636 5
693 2 675 5
693 2 704 4
693 2 720 1
693 2 736 1
693 2 753 1
693 2 771 4
693 2 809 3
693 2 829 2
693 2 851 1
693 2 873 4
693 2 923 5
693 2 978 1
693 2 1008 4
694 2 524 1
694 2 539 4
694 2 560 1
694 2 579 4
694 2 601 1
694 2 624 4
694 2 648 1
694 2 675 4
694 2 704 2042
694 2 736 18
694 2 771 10
694 2 809 13
694 2 851 520
694 2 897 11
694 2 949 16
694 2 1008 14
695 2 539 9
695 2 579 13
695 2 624 13
695 2 675 14
695 2 736 12
695 2 809 15
695 2 897 15
695 2 1008 15
696 2 579 16
696 2 675 21
696 2 809 25
696 2 1008 62
698 0 512 11652
699 0 512 5826
700 0 512 5826
701 0 512 5826
702 0 512 5826
703 0 512 5826
704 0 512 5826
705 0 512 5826
706 0 512 5826
707 0 512 5826
719 2 262 2
719 2 289 2
719 2 306 2
719 2 334 4
719 2 348 2
719 2 360 8
719 2 364 2
719 2 394 4
719 2 420 2
719 2 431 10
719 2 461 1
719 2 468 4
719 2 474 2
719 2 481 1
719 2 489 1
719 2 496 1
719 2 504 5
719 2 516 11
719 2 528 18
719 2 532 1
719 2 546 5
719 2 560 1
719 2 564 1
719 2 574 2
719 2 579 1
719 2 590 2
719 2 595 2
719 2 606 3
719 2 612 5
719 2 618 8
719 2 624 2
719 2 630 3
719 2 636 17
719 2 642 1
719 2 648 5
719 2 675 1
719 2 682 2
719 2 689 3
719 2 697 3
719 2 720 4
719 2 728 2
719 2 736 7
719 2 744 11
719 2 753 21
719 2 762 4
719 2 780 1
719 2 799 1
719 2 809 3
719 2 819 1
719 2 829 6
719 2 851 2
719 2 862 5
719 2 873 3
719 2 885 12
719 2 897 8
719 2 910 19
719 2 923 5
719 2 950 2
719 2 962 4
719 2 978 3
719 2 992 4
719 2 1008 4
720 2 516 11
720 2 524 14
720 2 532 22
720 2 539 8
720 2 550 1
720 2 569 4
720 2 579 7
720 2 590 4
720 2 601 5
720 2 612 10
720 2 624 8
720 2 636 29
720 2 648 6
720 2 661 2
720 2 675 9
720 2 689 1
720 2 704 6
720 2 720 10
720 2 736 10
720 2 753 14
720 2 771 23
720 2 789 5
720 2 809 8
720 2 829 3
720 2 851 12
720 2 873 10
720 2 897 30
720 2 923 12
720 2 949 8
720 2 978 9
720 2 1008 5
721 2 524 14
721 2 539 34
721 2 560 11
721 2 579 10
721 2 601 8
721 2 624 21
721 2 648 29
721 2 675 15
721 2 704 6
721 2 736 16
721 2 771 50
721 2 809 7
721 2 851 12
721 2 897 50
721 2 949 14
721 2 1008 10
722 2 539 59
722 2 579 6
722 2 624 67
722 2 675 10
722 2 736 69
722 2 809 18
722 2 897 59
722 2 1008 74
723 2 579 77
723 2 675 79
723 2 809 80
723 2 1008 236
739 2 262 1
739 2 270 1
739 2 280 1
739 2 295 1
739 2 297 1
739 2 315 1
739 2 318 1
739 2 324 1
739 2 334 1
739 2 344 1
739 2 348 1
739 2 356 1
739 2 368 1
739 2 376 1
739 2 381 1
739 2 390 1
739 2 399 2
739 2 404 1
739 2 409 1
739 2 420 1
739 2 425 1
739 2 431 1
739 2 436 1
739 2 448 2
739 2 455 1
739 2 461 1
739 2 468 1
739 2 481 2
739 2 489 1
739 2 496 2
739 2 504 1
739 2 512 1
739 2 524 2
739 2 532 2
739 2 537 1
739 2 546 1
739 2 550 2
739 2 564 1
739 2 569 2
739 2 574 1
739 2 585 1
739 2 590 1
739 2 595 1
739 2 601 1
739 2 606 1
739 2 618 3
739 2 624 1
739 2 630 2
739 2 642 1
739 2 648 2
739 2 655 1
739 2 668 3
739 2 675 1
739 2 689 1
739 2 697 1
739 2 704 3
739 2 720 1
739 2 728 2
739 2 736 3
739 2 744 1
739 2 753 1
739 2 762 2
739 2 771 1
739 2 780 2
739 2 789 5
739 2 809 2
739 2 819 2
739 2 829 1
739 2 840 2
739 2 851 6
739 2 862 8
739 2 873 7
739 2 885 9
739 2 897 8
739 2 910 5
739 2 923 11
739 2 936 10
739 2 950 31
739 2 962 22
739 2 978 32
739 2 992 12
739 2 1008 60
740 2 516 20
740 2 524 64
740 2 532 46
740 2 539 33
740 2 550 54
740 2 560 38
740 2 569 63
740 2 579 58
740 2 590 108
740 2 601 77
740 2 612 77
740 2 624 89
740 2 636 146
740 2 648 102
740 2 661 127
740 2 675 105
740 2 689 100
740 2 704 236
740 2 720 160
740 2 736 132
740 2 753 287
740 2 771 230
740 2 789 182
740 2 809 113
740 2 829 237
740 2 851 381
740 2 873 234
740 2 897 519
740 2 923 312
740 2 949 346
740 2 978 318
740 2 1008 595
741 2 524 422
741 2 539 781
741 2 560 483
741 2 579 432
741 2 601 768
741 2 624 768
741 2 648 835
741 2 675 444
741 2 704 656
741 2 736 1469
741 2 771 1271
741 2 809 820
741 2 851 2038
741 2 897 1803
741 2 949 675
741 2 1008 1998
742 2 539 2972
742 2 579 1731
742 2 624 3869
742 2 675 1355
742 2 736 3999
742 2 809 1908
742 2 897 3204
742 2 1008 4740
743 2 579 5063
743 2 675 4135
743 2 809 5736
743 2 1008 23813
763 0 273 8
763 0 275 133
763 0 284 12
763 0 287 10
763 0 292 26
763 0 295 130
763 0 297 2
763 0 303 16
763 0 306 2
763 0 309 12
763 0 312 20
763 0 315 14
763 0 318 2
763 0 321 8
763 0 324 16
763 0 327 14
763 0 330 14
763 0 334 12
763 0 337 8
763 0 341 42
763 0 344 388
763 0 348 224
763 0 352 11
763 0 356 22
763 0 360 32
763 0 364 44
763 0 368 83
763 0 372 67
763 0 376 240
763 0 381 251
763 0 385 48
763 0 390 40
763 0 394 40
763 0 399 44
763 0 404 52
763 0 409 236
763 0 414 161
763 0 420 44
763 0 425 47
763 0 431 50
763 0 436 32
763 0 442 36
763 0 448 38
763 0 455 25
763 0 461 161
763 0 468 177
763 0 474 24
763 0 481 46
763 0 489 14
763 0 496 10
763 0 504 29
763 0 512 18
763 0 516 20
763 0 520 12
763 0 524 4
763 0 528 17
763 0 532 10
763 0 537 12
763 0 539 6
763 0 546 12
763 0 550 6
763 0 555 6
763 0 564 8
763 0 569 26
763 0 574 30
763 0 579 12
763 0 590 2
763 0 595 2
763 0 601 4
763 0 606 10
763 0 612 6
763 0 618 2
763 0 624 19
763 0 630 25
763 0 636 36
763 0 642 78
763 0 648 12
763 0 655 6
763 0 668 4
763 0 675 4
763 0 704 10
763 0 720 2
763 0 728 38
763 0 780 6
763 0 789 8
763 0 799 20
763 0 809 28
763 0 819 12
763 0 840 2
763 0 862 32
763 0 873 4
763 0 1008 130
764 0 256 4
764 0 258 132
764 0 260 6
764 0 266 2
764 0 270 10
764 0 273 6
764 0 275 141
764 0 277 6
764 0 287 6
764 0 289 12
764 0 292 22
764 0 295 18
764 0 297 4
764 0 300 2
764 0 303 16
764 0 306 6
764 0 309 20
764 0 312 24
764 0 315 27
764 0 318 240
764 0 321 226
764 0 324 4
764 0 327 39
764 0 330 156
764 0 334 44
764 0 337 42
764 0 341 55
764 0 344 264
764 0 348 244
764 0 352 54
764 0 356 38
764 0 360 56
764 0 364 20
764 0 368 53
764 0 372 152
764 0 376 111
764 0 381 55
764 0 385 41
764 0 390 127
764 0 394 108
764 0 399 35
764 0 404 40
764 0 409 34
764 0 414 87
764 0 420 88
764 0 425 36
764 0 431 29
764 0 436 80
764 0 442 92
764 0 448 26
764 0 455 18
764 0 461 21
764 0 468 28
764 0 474 47
764 0 481 4
764 0 489 6
764 0 496 31
764 0 504 14
764 0 512 6
764 0 516 14
764 0 520 15
764 0 524 10
764 0 528 26
764 0 532 16
764 0 537 15
764 0 539 8
764 0 546 4
764 0 550 10
764 0 555 22
764 0 560 18
764 0 564 6
764 0 569 2
764 0 574 16
764 0 579 20
764 0 585 14
764 0 595 9
764 0 601 8
764 0 606 4
764 0 618 4
764 0 630 12
764 0 636 12
764 0 648 6
764 0 668 2
764 0 675 2
764 0 697 20
764 0 704 8
764 0 720 28
764 0 728 40
764 0 736 6
764 0 744 6
764 0 753 4
764 0 762 2
764 0 771 26
764 0 789 32
764 0 840 4
764 0 851 4
764 0 923 10
764 0 936 8
764 0 992 8
764 0 1008 94
765 0 256 26
765 0 258 299
765 0 262 10
765 0 266 12
765 0 270 6
765 0 273 10
765 0 275 16
765 0 277 18
765 0 280 18
765 0 282 10
765 0 284 16
765 0 287 8
765 0 289 18
765 0 292 46
765 0 295 287
765 0 297 208
765 0 300 17
765 0 303 12
765 0 306 3
765 0 309 11
765 0 312 26
765 0 315 82
765 0 318 324
765 0 321 204
765 0 324 54
765 0 327 50
765 0 330 43
765 0 334 34
765 0 337 36
765 0 341 137
765 0 344 95
765 0 348 44
765 0 352 64
765 0 356 50
765 0 360 51
765 0 364 32
765 0 368 37
765 0 372 121
765 0 376 141
765 0 381 96
765 0 385 51
765 0 390 41
765 0 394 40
765 0 399 52
765 0 404 18
765 0 409 26
765 0 414 76
765 0 420 60
765 0 425 20
765 0 431 23
765 0 436 62
765 0 442 4
765 0 448 10
765 0 455 9
765 0 461 22
765 0 468 17
765 0 474 12
765 0 481 48
765 0 489 60
765 0 496 34
765 0 504 6
765 0 512 8
765 0 516 10
765 0 520 12
765 0 528 4
765 0 532 10
765 0 537 20
765 0 546 4
765 0 550 2
765 0 555 11
765 0 560 8
765 0 569 4
765 0 574 5
765 0 585 8
765 0 590 2
765 0 595 2
765 0 624 6
765 0 630 12
765 0 636 16
765 0 642 6
765 0 648 28
765 0 655 28
765 0 697 4
765 0 704 16
765 0 728 32
765 0 753 20
765 0 771 8
765 0 809 12
765 0 819 10
765 0 923 8
765 0 936 14
765 0 950 8
765 0 962 6
765 0 978 8
765 0 992 8
765 0 1008 40
766 0 256 58
766 0 258 309
766 0 260 2
766 0 262 4
766 0 264 18
766 0 266 40
766 0 268 32
766 0 270 10
766 0 273 38
766 0 275 331
766 0 277 220
766 0 280 18
766 0 282 5
766 0 284 20
766 0 287 17
766 0 289 9
766 0 292 11
766 0 295 246
766 0 297 216
766 0 300 15
766 0 303 40
766 0 306 139
766 0 309 52
766 0 312 24
766 0 315 144
766 0 318 99
766 0 321 52
766 0 324 42
766 0 327 40
766 0 330 62
766 0 334 27
766 0 337 28
766 0 341 26
766 0 344 126
766 0 348 128
766 0 352 22
766 0 356 106
766 0 360 101
766 0 364 30
766 0 368 42
766 0 372 41
766 0 376 29
766 0 381 29
766 0 385 17
766 0 390 22
766 0 394 70
766 0 399 74
766 0 404 18
766 0 409 38
766 0 414 20
766 0 425 2
766 0 431 18
766 0 436 66
766 0 442 7
766 0 448 48
766 0 455 32
766 0 474 4
766 0 481 24
766 0 489 10
766 0 496 18
766 0 504 13
766 0 512 7
766 0 516 23
766 0 520 13
766 0 524 10
766 0 537 6
766 0 539 10
766 0 546 10
766 0 569 4
766 0 574 10
766 0 579 6
766 0 585 8
766 0 590 12
766 0 595 40
766 0 601 10
766 0 655 10
766 0 661 20
766 0 668 6
766 0 675 6
766 0 697 40
766 0 720 20
766 0 728 18
766 0 840 2
766 0 851 6
766 0 862 18
766 0 873 4
766 0 1008 50
775 1 516 854
776 1 516 777
777 1 516 674
778 1 516 1423
779 1 516 681
780 1 516 692
781 0 512 1064
781 0 546 64
781 0 555 64
781 0 564 64
781 0 569 64
781 0 574 544
781 1 516 751
782 0 512 112
782 0 537 32
782 0 539 32
782 1 516 4222
783 1 516 854
784 1 516 777
785 1 516 674
786 1 516 1423
787 1 516 681
788 1 516 692
789 0 512 1064
789 0 546 64
789 0 555 64
789 0 564 64
789 0 569 64
789 0 574 544
789 1 516 751
790 0 512 112
790 0 537 32
790 0 539 32
790 1 516 4222
791 0 512 228449
791 0 520 32
791 0 528 32
792 0 512 149130
792 0 516 32
792 0 524 32
792 0 532 32
792 1 516 403
793 1 516 2631
794 0 512 228449
794 0 520 32
794 0 528 32
795 0 512 149130
795 0 516 32
795 0 524 32
795 0 532 32
795 1 516 403
798 0 512 34750
803 0 512 34750
808 0 512 8780
813 0 512 17375
818 0 512 8595
823 0 512 34750
828 0 512 34750
833 0 512 4490
833 0 516 2807
833 0 520 749
833 0 524 1122
833 0 528 1871
833 0 532 1498
833 0 537 748
833 0 539 561
833 0 546 561
833 0 550 1869
833 0 555 747
833 0 560 747
833 0 564 561
833 0 569 562
833 0 574 562
833 0 579 934
833 0 585 1122
833 0 590 561
833 0 595 561
833 0 601 372
833 0 606 372
833 0 612 372
833 0 618 1494
833 0 624 561
833 0 630 561
833 0 636 372
833 0 642 744
833 0 648 1492
833 0 655 1119
833 0 661 373
833 0 668 1678
833 0 675 2983
838 0 512 5240
838 0 516 1120
838 0 520 1871
838 0 524 1498
838 0 528 749
838 0 532 1122
838 0 537 561
838 0 539 2057
838 0 546 747
838 0 550 747
838 0 555 562
838 0 560 562
838 0 564 1685
838 0 569 561
838 0 574 561
838 0 579 561
838 0 585 372
838 0 590 372
838 0 595 372
838 0 601 1494
838 0 606 561
838 0 612 561
838 0 618 372
838 0 624 372
838 0 630 1305
838 0 636 560
838 0 642 1120
838 0 648 372
838 0 655 744
838 0 661 1491
838 0 668 1118
838 0 675 2984
843 1 385 3
843 1 394 3
843 1 512 6
843 1 528 82
843 1 546 82
843 1 704 82
843 1 728 82
843 1 809 162
843 1 819 81
844 1 352 3
844 1 364 3
844 1 372 3
844 1 504 6
844 1 564 82
844 1 579 82
844 1 720 537
844 1 728 82
844 1 819 81
844 1 829 535
844 1 840 81
845 1 321 3
845 1 330 3
845 1 341 3
845 1 489 3
845 1 496 3
845 1 595 82
845 1 612 82
845 1 728 164
845 1 736 82
845 1 840 81
845 1 851 162
845 1 862 81
846 1 295 3
846 1 303 3
846 1 312 3
846 1 474 3
846 1 481 3
846 1 624 82
846 1 636 82
846 1 736 82
846 1 744 164
846 1 862 81
846 1 873 162
846 1 885 81
847 1 268 3
847 1 277 3
847 1 284 3
847 1 461 3
847 1 468 3
847 1 648 82
847 1 661 455
847 1 753 164
847 1 762 82
847 1 885 81
847 1 897 162
847 1 910 81
848 1 260 3
848 1 442 3
848 1 455 3
848 1 675 82
848 1 682 82
848 1 762 82
848 1 771 164
848 1 910 81
848 1 923 162
848 1 936 81
849 1 425 3
849 1 436 3
849 1 689 82
849 1 697 82
849 1 780 401
849 1 789 81
849 1 936 81
849 1 950 162
849 1 962 454
850 1 516 1435
851 1 516 735
853 1 516 3288
854 1 516 1978
855 1 516 3360
856 1 516 2396
858 1 516 615
859 1 516 1543
860 1 516 2162
861 0 512 200
862 0 512 192
863 0 512 120
864 0 512 120
865 0 512 24
866 0 512 24
867 0 512 120
868 0 512 24
869 0 512 24
870 0 512 24
871 0 512 24
872 0 512 64
873 0 512 32
874 0 512 320
885 0 512 513
885 0 516 458
885 0 520 640
885 0 524 420
885 0 528 545
885 0 532 575
885 0 537 495
885 0 539 581
885 0 546 587
885 0 550 478
885 0 555 585
885 0 560 380
885 0 564 622
885 0 569 612
885 0 574 424
885 0 579 536
885 0 585 557
885 0 590 799
885 0 595 469
885 0 601 738
885 0 606 535
885 0 612 467
885 0 618 726
885 0 624 677
885 0 630 810
885 0 636 646
885 0 642 677
885 0 648 680
885 0 655 563
885 0 661 695
885 0 668 566
885 0 675 909
885 0 682 596
885 0 689 659
885 0 697 764
885 0 704 669
885 0 720 759
885 0 728 1419
885 0 736 678
885 0 744 983
885 0 753 1381
885 0 762 871
885 0 771 785
885 0 780 798
885 0 789 672
885 0 799 887
885 0 809 823
885 0 819 881
885 0 829 928
885 0 840 1028
885 0 851 948
885 0 862 819
885 0 873 1039
885 0 885 1143
885 0 897 1031
885 0 910 826
885 0 923 1046
885 0 936 1096
885 0 950 996
885 0 962 1043
885 0 978 1229
885 0 992 1040
885 0 1008 2462
886 0 516 1478
886 0 524 1214
886 0 532 1008
886 0 539 1209
886 0 550 1451
886 0 560 1759
886 0 569 1456
886 0 579 1143
886 0 590 1394
886 0 601 1889
886 0 612 1601
886 0 624 1636
886 0 636 1413
886 0 648 1635
886 0 661 1814
886 0 675 1864
886 0 689 2228
886 0 704 1452
886 0 720 2198
886 0 736 2071
886 0 753 1829
886 0 771 2002
886 0 789 1841
886 0 809 2798
886 0 829 2268
886 0 851 2552
886 0 873 2316
886 0 897 2466
886 0 923 2492
886 0 949 2449
886 0 978 3494
886 0 1008 2763
887 0 524 3191
887 0 539 3099
887 0 560 2858
887 0 579 3430
887 0 601 3312
887 0 624 4518
887 0 648 3449
887 0 675 3723
887 0 704 4500
887 0 736 4361
887 0 771 4567
887 0 809 4777
887 0 851 5262
887 0 897 5537
887 0 949 5301
887 0 1008 6050
888 0 539 6462
888 0 579 6401
888 0 624 8189
888 0 675 7602
888 0 736 10393
888 0 809 8530
888 0 897 11961
888 0 1008 13105
889 0 579 14558
889 0 675 17159
889 0 809 21473
889 0 1008 132861
890 1 512 56
890 2 512 112
891 1 512 98
891 2 512 196
892 1 512 98
892 2 512 196
893 1 512 133
893 2 512 203
893 2 862 350
894 2 504 5
894 2 512 7
894 2 532 1
894 2 555 1
894 2 585 1
894 2 612 7
894 2 618 3
894 2 624 2037
894 2 636 9
894 2 642 4
894 2 655 4
894 2 661 2
894 2 668 2
894 2 675 4
894 2 682 2
894 2 689 2
894 2 697 2
894 2 704 4
894 2 720 4
894 2 736 2
894 2 744 18
894 2 753 10
894 2 762 2036
894 2 771 10
894 2 780 4
894 2 789 4
894 2 799 4
894 2 809 8
894 2 819 4
894 2 829 6
894 2 840 2
894 2 851 330
894 2 862 987
894 2 873 3355
894 2 885 532
894 2 897 1549
894 2 910 41
894 2 923 28
894 2 936 664
894 2 950 20
894 2 962 19
894 2 978 13
894 2 992 671
894 2 1008 373
895 2 516 13
895 2 524 355
895 2 532 8
895 2 539 21
895 2 550 37
895 2 560 15
895 2 569 17
895 2 579 1035
895 2 590 15
895 2 601 23
895 2 612 17
895 2 624 13
895 2 636 20
895 2 648 25
895 2 661 37
895 2 675 11
895 2 689 20
895 2 704 9
895 2 720 22
895 2 736 14
895 2 753 13
895 2 771 20
895 2 789 32
895 2 809 23
895 2 829 15
895 2 851 15
895 2 873 23
895 2 897 13
895 2 923 13
895 2 949 40
895 2 978 20
895 2 1008 21
896 2 524 13
896 2 539 27
896 2 560 8
896 2 579 48
896 2 601 18
896 2 624 20
896 2 648 30
896 2 675 7
896 2 704 53
896 2 736 18
896 2 771 23
896 2 809 28
896 2 851 45
896 2 897 21
896 2 949 32
896 2 1008 55
897 2 539 26
897 2 579 25
897 2 624 55
897 2 675 37
897 2 736 62
897 2 809 38
897 2 897 76
897 2 1008 67
898 2 579 45
898 2 675 91
898 2 809 122
898 2 1008 314
899 0 546 98
899 0 550 498
899 0 555 19
899 0 560 38
899 0 564 108
899 0 569 223
899 0 574 267
899 0 579 274
899 0 585 356
899 0 590 792
899 0 595 341
899 0 601 162
899 0 606 209
899 0 612 343
899 0 618 410
899 0 624 364
899 0 630 442
899 0 636 522
899 0 642 418
899 0 648 192
899 0 655 214
899 0 661 203
899 0 668 192
899 0 675 160
899 0 682 232
899 0 689 366
899 0 697 421
899 0 704 235
899 0 720 163
899 0 728 363
899 0 736 137
899 0 744 152
899 0 753 398
899 0 762 505
899 0 771 168
899 0 780 87
899 0 789 111
899 0 799 71
899 0 809 141
899 0 819 100
899 0 829 162
899 0 840 82
899 0 851 80
899 0 862 86
899 0 873 133
899 0 885 57
899 0 897 71
899 0 910 103
899 0 923 64
899 0 936 34
899 0 950 45
899 0 962 91
899 0 978 142
899 0 992 36
899 0 1008 400
900 0 512 84
900 0 516 500
900 0 520 16
900 0 524 42
900 0 528 103
900 0 532 226
900 0 537 275
900 0 539 293
900 0 546 337
900 0 550 807
900 0 555 339
900 0 560 153
900 0 564 204
900 0 569 340
900 0 574 417
900 0 579 407
900 0 585 358
900 0 590 457
900 0 595 424
900 0 601 208
900 0 606 253
900 0 612 233
900 0 618 234
900 0 624 101
900 0 630 262
900 0 636 405
900 0 642 450
900 0 648 227
900 0 655 142
900 0 661 124
900 0 668 104
900 0 675 186
900 0 682 124
900 0 689 345
900 0 697 511
900 0 704 157
900 0 720 136
900 0 728 315
900 0 736 108
900 0 744 92
900 0 753 135
900 0 762 87
900 0 771 47
900 0 780 81
900 0 789 100
900 0 799 73
900 0 809 71
900 0 819 56
900 0 829 39
900 0 840 46
900 0 851 67
900 0 862 90
900 0 873 153
900 0 885 27
900 0 897 28
900 0 910 41
900 0 923 23
900 0 936 29
900 0 950 56
900 0 962 18
900 0 978 22
900 0 992 18
900 0 1008 176
901 0 512 1456
901 0 516 1242
901 0 520 308
901 0 524 166
901 0 528 202
901 0 532 351
901 0 537 416
901 0 539 352
901 0 546 412
901 0 550 497
901 0 555 372
901 0 560 210
901 0 564 281
901 0 569 306
901 0 574 180
901 0 579 159
901 0 585 310
901 0 590 321
901 0 595 495
901 0 601 252
901 0 606 145
901 0 612 73
901 0 618 167
901 0 624 135
901 0 630 137
901 0 636 408
901 0 642 433
901 0 648 163
901 0 655 99
901 0 661 107
901 0 668 131
901 0 675 116
901 0 682 97
901 0 689 197
901 0 697 86
901 0 704 62
901 0 720 99
901 0 728 160
901 0 736 57
901 0 744 31
901 0 753 45
901 0 762 57
901 0 771 50
901 0 780 23
901 0 789 188
901 0 799 43
901 0 809 31
901 0 819 34
901 0 829 36
901 0 840 33
901 0 851 27
901 0 862 12
901 0 873 6
901 0 885 4
901 0 897 8
901 0 910 32
901 0 923 18
901 0 936 20
901 0 950 16
901 0 962 22
901 0 978 10
901 0 992 4
901 0 1008 58
902 0 512 4192
902 0 516 1284
902 0 520 376
902 0 524 251
902 0 528 258
902 0 532 215
902 0 537 178
902 0 539 222
902 0 546 258
902 0 550 409
902 0 555 574
902 0 560 189
902 0 564 84
902 0 569 135
902 0 574 168
902 0 579 151
902 0 585 159
902 0 590 319
902 0 595 416
902 0 601 130
902 0 606 100
902 0 612 102
902 0 618 121
902 0 624 123
902 0 630 117
902 0 636 176
902 0 642 80
902 0 648 80
902 0 655 100
902 0 661 125
902 0 668 71
902 0 675 37
902 0 682 40
902 0 689 53
902 0 697 48
902 0 704 37
902 0 720 186
902 0 728 100
902 0 736 34
902 0 744 38
902 0 753 24
902 0 762 24
902 0 771 11
902 0 780 10
902 0 789 6
902 0 799 30
902 0 809 28
902 0 819 14
902 0 829 8
902 0 840 2
902 0 851 10
902 0 862 8
902 0 873 24
902 0 885 4
902 0 897 4
902 0 910 4
902 0 978 2
902 0 1008 60
906 1 574 64
907 1 574 64
908 1 574 4466
912 0 574 704
913 0 612 128
914 0 648 466
915 0 512 20
915 0 528 50
915 0 648 90
916 0 512 20
916 0 528 25
916 0 648 90
917 0 512 20
917 0 528 25
917 0 648 90
918 0 512 20
918 0 528 25
918 0 648 90
919 0 512 20
919 0 528 25
919 0 648 90
920 0 528 25
920 0 648 90
921 0 512 20
921 0 532 25
921 0 546 20
921 0 579 25
921 0 590 20
921 0 642 45
922 0 537 20
922 0 574 25
922 0 579 20
922 0 630 45
923 0 532 20
923 0 564 25
923 0 574 20
923 0 618 25
923 0 624 20
924 0 524 20
924 0 555 25
924 0 564 20
924 0 612 45
925 0 520 20
925 0 546 25
925 0 560 20
925 0 601 25
925 0 606 20
926 0 512 20
926 0 539 25
926 0 550 20
926 0 590 25
926 0 595 20
927 0 512 336
927 0 528 280
932 1 512 120
933 1 512 120
934 1 512 120
935 1 512 120
936 1 512 120
937 1 512 100
938 1 512 48
939 1 512 24
940 1 512 24
941 1 512 24
942 1 512 24
943 1 512 416
945 2 512 57
945 2 520 57
945 2 537 57
945 2 546 57
945 2 564 57
945 2 569 57
945 2 579 45
945 2 590 12
945 2 601 57
945 2 606 57
945 2 618 45
945 2 630 57
945 2 636 57
945 2 648 57
945 2 655 57
945 2 668 57
945 2 675 57
945 2 689 57
945 2 697 57
945 2 720 57
945 2 728 204
945 2 744 142
945 2 753 243
945 2 762 21484
951 2 516 57
951 2 524 57
951 2 532 57
951 2 539 57
951 2 550 102
951 2 555 57
951 2 564 102
951 2 574 142
951 2 585 243
951 2 590 21503
952 0 574 64
953 0 574 64
954 0 574 64
955 0 560 64
956 0 539 64
957 0 539 628
958 0 539 224
959 0 539 224
961 0 537 24
961 0 539 30
962 0 532 24
962 0 537 30
963 0 528 24
963 0 532 30
964 0 524 24
965 0 520 24
966 0 516 24
967 0 512 48
967 0 528 60
968 0 512 96
968 0 520 410
969 0 512 48
969 0 520 60
970 0 512 24
970 0 520 30
971 0 520 30
983 0 512 784
984 0 512 28
986 0 512 784
987 0 512 28
988 0 512 812
989 0 512 812
991 0 512 784
992 0 512 28
993 0 295 6
993 0 376 10
993 0 381 16
993 0 385 2
993 0 399 2
993 0 404 2
993 0 442 6
994 0 275 6
994 0 344 6
994 0 348 18
994 0 352 2
994 0 364 4
994 0 394 6
995 0 258 8
995 0 280 2
995 0 295 12
995 0 297 12
995 0 303 2
995 0 306 2
995 0 318 4
995 0 321 16
995 0 324 10
995 0 330 4
995 0 356 6
996 0 258 2
996 0 275 2
996 0 309 2
996 0 312 2
996 0 315 2
996 0 318 10
996 0 321 12
996 0 324 6
996 0 327 2
996 0 330 2
996 0 337 2
996 0 344 12
996 0 348 16
996 0 352 2
996 0 356 4
996 0 381 6
997 0 258 4
997 0 292 2
997 0 295 10
997 0 297 12
997 0 315 2
997 0 337 2
997 0 341 4
998 0 258 6
998 0 275 6
998 0 277 12
998 0 280 4
998 0 289 4
998 0 309 2
998 0 312 4
999 1 256 643
999 1 258 58
999 1 260 62
999 1 262 73
999 1 264 77
999 1 266 83
999 1 268 94
999 1 270 73
999 1 273 83
999 1 275 109
999 1 277 123
999 1 280 74
999 1 282 102
999 1 284 111
999 1 287 110
999 1 289 101
999 1 292 85
999 1 295 124
999 1 297 117
999 1 300 472
999 1 303 123
999 1 306 112
999 1 309 106
999 1 312 113
999 1 315 133
999 1 318 124
999 1 321 139
999 1 324 101
999 1 327 137
999 1 330 138
999 1 334 147
999 1 337 121
999 1 341 1692
999 1 344 410
999 1 348 1084
999 1 352 388
999 1 356 510
999 1 360 799
999 1 364 559
999 1 368 514
999 1 372 1276
999 1 376 496
999 1 381 600
999 1 385 1713
999 1 390 556
999 1 394 641
999 1 399 1743
999 1 404 634
999 1 409 633
999 1 414 1426
999 1 420 682
999 1 425 643
999 1 431 1545
999 1 436 1833
999 1 442 727
999 1 448 1618
999 1 455 1450
999 1 461 812
999 1 468 1264
999 1 474 1201
999 1 481 1525
999 1 489 1281
999 1 496 809
999 1 504 784
999 1 512 1209
999 1 516 958
999 1 520 39
999 1 524 1230
999 1 528 662
999 1 532 313
999 1 537 1092
999 1 539 1335
999 1 546 109
999 1 550 1042
999 1 555 736
999 1 560 762
999 1 564 803
999 1 569 1387
999 1 574 122
999 1 579 1449
999 1 585 1510
999 1 590 365
999 1 595 850
999 1 601 1087
999 1 606 95
999 1 612 1164
999 1 618 862
999 1 624 833
999 1 630 1850
999 1 636 1627
999 1 642 116
999 1 648 1301
999 1 655 977
999 1 661 445
999 1 668 1030
999 1 675 1271
999 1 682 154
999 1 689 1398
999 1 697 1140
999 1 704 523
999 1 720 1515
999 1 728 1274
999 1 736 2062
999 1 744 1597
999 1 753 667
999 1 762 1993
999 1 771 1877
999 1 780 210
999 1 789 2306
999 1 799 1715
999 1 809 1573
999 1 819 1476
999 1 829 2108
999 1 840 207
999 1 851 2144
999 1 862 1612
999 1 873 998
999 1 885 1876
999 1 897 2460
999 1 910 179
999 1 923 3473
999 1 936 2107
999 1 950 1276
999 1 962 1681
999 1 978 2366
999 1 992 262
999 1 1008 4252
1000 1 516 1712
1000 1 524 1909
1000 1 532 3341
1000 1 539 297
1000 1 550 4293
1000 1 560 2179
1000 1 569 1335
1000 1 579 2262
1000 1 590 3481
1000 1 601 728
1000 1 612 4393
1000 1 624 3110
1000 1 636 1507
1000 1 648 2676
1000 1 661 3967
1000 1 675 388
1000 1 689 5417
1000 1 704 4586
1000 1 720 1374
1000 1 736 4126
1000 1 753 5447
1000 1 771 573
1000 1 789 5035
1000 1 809 5104
1000 1 829 2502
1000 1 851 4738
1000 1 873 6453
1000 1 897 955
1000 1 923 7301
1000 1 949 4704
1000 1 978 2035
1000 1 1008 4647
1001 1 524 8282
1001 1 539 673
1001 1 560 6692
1001 1 579 6747
1001 1 601 3050
1001 1 624 6582
1001 1 648 9361
1001 1 675 1337
1001 1 704 11540
1001 1 736 8720
1001 1 771 5949
1001 1 809 10170
1001 1 851 15833
1001 1 897 3557
1001 1 949 18314
1001 1 1008 14626
1002 1 539 7506
1002 1 579 21403
1002 1 624 30877
1002 1 675 4016
1002 1 736 41162
1002 1 809 43341
1002 1 897 42732
1002 1 1008 76519
1003 1 579 203540
1003 1 675 24770
1003 1 809 73971
1014 0 648 140
1015 0 648 56
1016 0 648 210
1017 0 648 42
1018 0 528 880
1018 0 648 42
1019 0 648 42
1020 0 648 966
1021 0 539 140
1022 0 539 112
1023 0 539 210
1024 0 539 42
1025 0 539 42
1026 0 539 952
1042 2 381 1
1042 2 404 1
1042 2 414 1
1042 2 420 12
1042 2 436 1
1042 2 455 1
1042 2 496 1
1042 2 504 4
1042 2 512 9
1042 2 528 1
1042 2 560 1
1042 2 595 1
1042 2 612 7
1042 2 618 2
1042 2 624 4
1042 2 642 1
1042 2 668 1
1042 2 728 1
1042 2 744 10
1042 2 753 3
1042 2 771 1
1042 2 819 1
1042 2 873 1
1042 2 885 1017
1042 2 897 4
1042 2 910 13
1042 2 923 4
1042 2 936 3
1042 2 950 1
1042 2 962 1
1042 2 978 1
1042 2 992 3
1042 2 1008 2
1043 2 516 2
1043 2 524 1
1043 2 532 1018
1043 2 539 4
1043 2 550 20
1043 2 560 2
1043 2 569 4
1043 2 579 2
1043 2 590 3
1043 2 601 1490
1043 2 612 849
1043 2 624 1033
1043 2 636 344
1043 2 648 18
1043 2 661 21
1043 2 675 12
1043 2 689 10
1043 2 704 338
1043 2 720 342
1043 2 736 14
1043 2 753 11
1043 2 771 12
1043 2 789 530
1043 2 809 19
1043 2 829 10
1043 2 851 14
1043 2 873 12
1043 2 897 9
1043 2 923 15
1043 2 949 23
1043 2 978 9
1043 2 1008 15
1044 2 524 7
1044 2 539 14
1044 2 560 11
1044 2 579 22
1044 2 601 10
1044 2 624 16
1044 2 648 10
1044 2 675 12
1044 2 704 26
1044 2 736 13
1044 2 771 11
1044 2 809 13
1044 2 851 27
1044 2 897 15
1044 2 949 14
1044 2 1008 25
1045 2 539 15
1045 2 579 16
1045 2 624 30
1045 2 675 18
1045 2 736 35
1045 2 809 24
1045 2 897 36
1045 2 1008 38
1046 2 579 26
1046 2 675 46
1046 2 809 63
1046 2 1008 161
1047 2 381 1
1047 2 409 1
1047 2 414 1
1047 2 420 12
1047 2 436 1
1047 2 455 1
1047 2 496 1
1047 2 504 4
1047 2 512 9
1047 2 528 1
1047 2 560 1
1047 2 595 1
1047 2 612 7
1047 2 618 1
1047 2 624 5
1047 2 642 1
1047 2 668 1
1047 2 728 1
1047 2 744 10
1047 2 753 3
1047 2 771 1
1047 2 819 1
1047 2 873 1
1047 2 885 508
1047 2 897 511
1047 2 910 14
1047 2 923 4
1047 2 936 3
1047 2 950 2
1047 2 962 1
1047 2 978 1
1047 2 992 3
1047 2 1008 2
1048 2 516 1
1048 2 524 2
1048 2 532 1017
1048 2 539 5
1048 2 550 19
1048 2 560 3
1048 2 569 4
1048 2 579 2
1048 2 590 3
1048 2 601 837
1048 2 612 989
1048 2 624 520
1048 2 636 1034
1048 2 648 18
1048 2 661 21
1048 2 675 336
1048 2 689 15
1048 2 704 8
1048 2 720 342
1048 2 736 342
1048 2 753 12
1048 2 771 14
1048 2 789 528
1048 2 809 21
1048 2 829 9
1048 2 851 14
1048 2 873 13
1048 2 897 12
1048 2 923 12
1048 2 949 24
1048 2 978 11
1048 2 1008 13
1049 2 524 7
1049 2 539 14
1049 2 560 11
1049 2 579 24
1049 2 601 9
1049 2 624 13
1049 2 648 15
1049 2 675 12
1049 2 704 26
1049 2 736 11
1049 2 771 12
1049 2 809 14
1049 2 851 25
1049 2 897 14
1049 2 949 15
1049 2 1008 26
1050 2 539 16
1050 2 579 17
1050 2 624 30
1050 2 675 18
1050 2 736 33
1050 2 809 23
1050 2 897 39
1050 2 1008 35
1051 2 579 29
1051 2 675 46
1051 2 809 63
1051 2 1008 162
1057 2 516 114
1057 2 524 45
1057 2 532 114
1057 2 539 114
1057 2 550 102
1057 2 555 12
1057 2 560 57
1057 2 564 57
1057 2 569 57
1057 2 574 114
1057 2 585 102
1057 2 590 57
1057 2 595 57
1057 2 601 159
1057 2 612 114
1057 2 618 57
1057 2 624 102
1057 2 630 199
1057 2 642 300
1057 2 648 21560
1057 2 661 57
1057 2 668 102
1057 2 682 57
1057 2 689 102
1057 2 704 142
1057 2 720 21873
1057 2 728 243
1058 2 512 114
1058 2 520 45
1058 2 528 69
1058 2 537 57
1058 2 546 114
1058 2 550 45
1058 2 555 57
1058 2 560 57
1058 2 569 114
1058 2 579 114
1058 2 590 57
1058 2 595 102
1058 2 601 12
1058 2 606 114
1058 2 618 102
1058 2 624 69
1058 2 636 159
1058 2 642 57
1058 2 648 57
1058 2 655 147
1058 2 668 199
1058 2 675 300
1058 2 682 21688
1058 2 689 57
1058 2 697 57
1058 2 720 57
1058 2 728 114
1058 2 744 57
1058 2 753 102
1058 2 762 57
1058 2 780 102
1058 2 789 142
1058 2 799 243
1058 2 809 21484
1059 2 516 57
1059 2 524 102
1059 2 532 57
1059 2 539 102
1059 2 550 142
1059 2 560 243
1059 2 564 21318
1060 2 512 114
1060 2 520 102
1060 2 528 199
1060 2 537 243
1060 2 539 21560
1060 2 560 57
1060 2 579 57
1060 2 585 57
1060 2 606 57
1060 2 624 57
1060 2 630 45
1060 2 636 12
1060 2 655 57
1060 2 661 57
1060 2 682 57
1060 2 697 57
1060 2 704 45
1060 2 728 69
1060 2 736 57
1060 2 753 45
1060 2 762 57
1060 2 771 57
1060 2 789 57
1060 2 799 57
1060 2 809 57
1060 2 819 57
1060 2 829 57
1060 2 851 57
1060 2 862 102
1060 2 873 57
1060 2 885 102
1060 2 897 142
1060 2 910 243
1060 2 923 21852
1061 2 512 114
1061 2 516 57
1061 2 520 45
1061 2 528 69
1061 2 532 57
1061 2 537 57
1061 2 546 114
1061 2 550 102
1061 2 555 57
1061 2 560 57
1061 2 564 57
1061 2 569 114
1061 2 579 114
1061 2 585 57
1061 2 590 57
1061 2 595 102
1061 2 601 69
1061 2 606 114
1061 2 618 102
1061 2 624 126
1061 2 630 57
1061 2 636 159
1061 2 642 57
1061 2 648 114
1061 2 655 147
1061 2 668 256
1061 2 675 300
1061 2 682 21560
1061 2 689 57
1061 2 697 57
1061 2 704 57
1061 2 720 57
1061 2 728 171
1061 2 736 57
1061 2 744 114
1061 2 753 102
1061 2 762 102
1061 2 771 12
1061 2 780 159
1061 2 789 142
1061 2 799 300
1061 2 809 21897
1061 2 819 57
1061 2 829 57
1061 2 840 57
1061 2 862 57
1061 2 873 57
1061 2 885 57
1061 2 897 57
1061 2 910 57
1061 2 923 102
1061 2 936 57
1061 2 950 102
1061 2 962 142
1061 2 978 243
1061 2 992 21668
1062 2 516 171
1062 2 524 159
1062 2 532 171
1062 2 537 57
1062 2 539 114
1062 2 546 57
1062 2 550 171
1062 2 555 57
1062 2 560 57
1062 2 564 171
1062 2 569 57
1062 2 574 159
1062 2 579 57
1062 2 585 171
1062 2 590 57
1062 2 595 159
1062 2 601 301
1062 2 606 57
1062 2 612 300
1062 2 618 21560
1062 2 624 159
1062 2 630 199
1062 2 636 57
1062 2 642 243
1062 2 648 21987
1062 2 655 45
1062 2 668 69
1062 2 675 57
1062 2 682 57
1062 2 689 57
1062 2 697 45
1062 2 704 57
1062 2 720 57
1062 2 728 114
1062 2 736 114
1062 2 744 114
1062 2 753 57
1062 2 762 45
1062 2 771 69
1062 2 780 114
1062 2 789 57
1062 2 799 159
1062 2 809 45
1062 2 819 114
1062 2 829 159
1062 2 840 199
1062 2 851 243
1062 2 862 21541
1062 2 873 57
1062 2 885 57
1062 2 897 57
1062 2 910 57
1062 2 923 102
1062 2 936 57
1062 2 950 102
1062 2 962 142
1062 2 978 243
1062 2 992 22220
1063 2 512 57
1063 2 516 57
1063 2 520 57
1063 2 532 57
1063 2 537 57
1063 2 539 57
1063 2 546 57
1063 2 550 45
1063 2 555 12
1063 2 564 114
1063 2 569 57
1063 2 574 57
1063 2 579 45
1063 2 585 45
1063 2 590 69
1063 2 601 114
1063 2 606 57
1063 2 612 57
1063 2 618 102
1063 2 630 114
1063 2 636 57
1063 2 642 57
1063 2 648 114
1063 2 655 57
1063 2 661 57
1063 2 668 159
1063 2 675 57
1063 2 682 57
1063 2 689 159
1063 2 697 57
1063 2 704 142
1063 2 720 21560
1063 2 728 447
1063 2 744 142
1063 2 753 243
1063 2 762 21852
1064 2 524 57
1064 2 528 57
1064 2 537 57
1064 2 539 57
1064 2 546 57
1064 2 560 57
1064 2 564 57
1064 2 579 114
1064 2 585 57
1064 2 590 57
1064 2 606 114
1064 2 618 57
1064 2 624 57
1064 2 630 45
1064 2 636 69
1064 2 648 57
1064 2 655 102
1064 2 661 57
1064 2 668 12
1064 2 675 57
1064 2 682 57
1064 2 689 57
1064 2 697 102
1064 2 704 45
1064 2 720 57
1064 2 728 126
1064 2 736 114
1064 2 744 57
1064 2 753 102
1064 2 762 57
1064 2 771 114
1064 2 780 57
1064 2 789 114
1064 2 799 159
1064 2 809 57
1064 2 819 114
1064 2 829 159
1064 2 840 142
1064 2 851 300
1064 2 862 21954
1064 2 873 57
1064 2 885 102
1064 2 897 142
1064 2 910 243
1064 2 923 21484
1065 0 256 96
1065 0 258 112
1065 0 260 144
1065 0 262 108
1065 0 264 140
1065 0 266 128
1065 0 268 104
1065 0 270 212
1065 0 273 208
1065 0 275 112
1065 0 277 104
1065 0 280 128
1065 0 282 152
1065 0 284 132
1065 0 287 124
1065 0 289 132
1065 0 292 164
1065 0 295 204
1065 0 297 220
1065 0 300 124
1065 0 303 128
1065 0 306 136
1065 0 309 136
1065 0 312 168
1065 0 315 120
1065 0 318 168
1065 0 321 188
1065 0 324 296
1065 0 327 128
1065 0 330 124
1065 0 334 164
1065 0 337 196
1065 0 341 164
1065 0 344 168
1065 0 348 172
1065 0 352 532
1065 0 356 240
1065 0 360 184
1065 0 364 152
1065 0 368 512
1065 0 372 144
1065 0 376 196
1065 0 381 188
1065 0 385 256
1065 0 390 212
1065 0 394 208
1065 0 399 184
1065 0 404 204
1065 0 409 168
1065 0 414 212
1065 0 420 268
1065 0 425 244
1065 0 431 208
1065 0 436 196
1065 0 442 224
1065 0 448 224
1065 0 455 224
1065 0 461 284
1065 0 468 260
1065 0 474 264
1065 0 481 212
1065 0 489 216
1065 0 496 288
1065 0 504 324
1065 0 512 140
1065 0 516 156
1065 0 520 404
1065 0 524 428
1065 0 528 124
1065 0 532 148
1065 0 537 124
1065 0 539 140
1065 0 546 136
1065 0 550 216
1065 0 555 112
1065 0 560 116
1065 0 564 160
1065 0 569 156
1065 0 574 120
1065 0 579 180
1066 0 512 136
1066 0 516 112
1066 0 520 164
1066 0 524 212
1066 0 528 144
1066 0 532 92
1066 0 537 196
1066 0 539 200
1066 0 546 164
1066 0 550 148
1066 0 555 124
1066 0 560 176
1066 0 564 196
1066 0 569 196
1066 0 574 152
1066 0 579 172
1067 0 512 212
1067 0 516 164
1067 0 520 152
1067 0 524 192
1067 0 528 244
1067 0 532 196
1067 0 537 200
1067 0 539 152
1067 0 546 820
1067 0 550 176
1067 0 555 208
1067 0 560 192
1067 0 564 248
1067 0 569 220
1067 0 574 120
1067 0 579 220
1068 0 512 212
1068 0 516 232
1068 0 520 224
1068 0 524 276
1068 0 528 192
1068 0 532 172
1068 0 537 212
1068 0 539 276
1068 0 546 248
1068 0 550 276
1068 0 555 216
1068 0 560 228
1068 0 564 252
1068 0 569 252
1068 0 574 280
1068 0 579 288
1069 0 512 316
1069 0 516 248
1069 0 520 864
1069 0 524 268
1069 0 528 292
1069 0 532 364
1069 0 537 240
1069 0 539 280
1069 0 546 260
1069 0 550 340
1069 0 555 396
1069 0 560 276
1069 0 564 308
1069 0 569 296
1069 0 574 396
1069 0 579 404
1070 0 512 292
1070 0 516 276
1070 0 520 528
1070 0 524 436
1070 0 528 908
1070 0 532 388
1070 0 537 480
1070 0 539 380
1070 0 546 388
1070 0 550 472
1070 0 555 484
1070 0 560 436
1070 0 564 468
1070 0 569 524
1070 0 574 524
1070 0 579 492
1071 0 512 624
1071 0 516 1164
1071 0 520 532
1071 0 524 624
1071 0 528 516
1071 0 532 752
1071 0 537 628
1071 0 539 772
1071 0 546 624
1071 0 550 1204
1071 0 555 1020
1071 0 560 876
1071 0 564 808
1071 0 569 968
1071 0 574 988
1071 0 579 976
1072 0 512 1816
1072 0 516 1176
1072 0 520 1280
1072 0 524 1412
1072 0 528 1540
1072 0 532 2252
1072 0 537 1760
1072 0 539 2060
1073 0 512 2944
1073 0 516 2840
1073 0 520 3768
1073 0 524 3968
1073 0 528 5844
1073 0 532 8188
1074 2 256 16
1074 2 258 11
1074 2 260 20
1074 2 262 11
1074 2 264 2
1074 2 266 4
1074 2 268 4
1074 2 270 9
1074 2 273 16
1074 2 275 10
1074 2 277 2
1074 2 280 9
1074 2 282 79
1074 2 284 85
1074 2 287 3
1074 2 289 5
1074 2 292 29
1074 2 295 14
1074 2 297 34
1074 2 300 17
1074 2 303 20
1074 2 306 4
1074 2 309 21
1074 2 312 349
1074 2 315 37
1074 2 318 21
1074 2 321 19
1074 2 324 28
1074 2 327 31
1074 2 330 17
1074 2 334 1983
1074 2 337 1997
1074 2 341 70
1074 2 344 126
1074 2 348 85
1074 2 352 40
1074 2 356 34
1074 2 360 693
1074 2 364 42
1074 2 368 34
1074 2 372 49
1074 2 376 34
1074 2 381 50
1074 2 385 32
1074 2 390 691
1074 2 394 1675
1074 2 399 720
1074 2 404 43
1074 2 409 34
1074 2 414 76
1074 2 420 174
1074 2 425 55
1074 2 431 43
1074 2 436 52
1074 2 442 49
1074 2 448 53
1074 2 455 1355
1074 2 461 373
1074 2 468 62
1074 2 474 49
1074 2 481 697
1074 2 489 50
1074 2 496 46
1074 2 504 136
1074 2 512 113
1074 2 516 25
1074 2 520 685
1074 2 524 2316
1074 2 528 372
1074 2 532 35
1074 2 537 42
1074 2 539 25
1074 2 546 28
1074 2 550 35
1074 2 555 36
1074 2 560 39
1074 2 564 35
1074 2 569 34
1074 2 574 677
1074 2 579 24
1074 2 585 32
1074 2 590 24
1074 2 595 45
1074 2 601 33
1074 2 606 1344
1074 2 612 1727
1074 2 618 1081
1074 2 624 86
1074 2 630 40
1074 2 636 47
1074 2 642 50
1074 2 648 31
1074 2 655 45
1074 2 661 44
1074 2 668 42
1074 2 675 50
1074 2 682 30
1074 2 689 700
1074 2 697 24
1074 2 704 50
1074 2 720 37
1074 2 728 69
1074 2 736 690
1074 2 744 3117
1074 2 753 447
1074 2 762 27
1074 2 771 66
1074 2 780 61
1074 2 789 54
1074 2 799 44
1074 2 809 704
1074 2 819 47
1074 2 829 62
1074 2 840 56
1074 2 851 685
1074 2 862 65
1074 2 873 698
1074 2 885 41
1074 2 897 56
1074 2 910 202
1074 2 923 83
1074 2 936 56
1074 2 950 58
1074 2 962 37
1074 2 978 76
1074 2 992 710
1074 2 1008 446
1075 2 516 50
1075 2 524 1035
1075 2 532 713
1075 2 539 73
1075 2 550 243
1075 2 560 719
1075 2 569 67
1075 2 579 65
1075 2 590 86
1075 2 601 407
1075 2 612 1033
1075 2 624 60
1075 2 636 71
1075 2 648 129
1075 2 661 197
1075 2 675 71
1075 2 689 99
1075 2 704 722
1075 2 720 2067
1075 2 736 84
1075 2 753 94
1075 2 771 715
1075 2 789 179
1075 2 809 2843
1075 2 829 1429
1075 2 851 100
1075 2 873 790
1075 2 897 105
1075 2 923 424
1075 2 949 249
1075 2 978 2803
1075 2 1008 798
1076 2 524 814
1076 2 539 145
1076 2 560 432
1076 2 579 993
1076 2 601 1496
1076 2 624 2158
1076 2 648 807
1076 2 675 2129
1076 2 704 2398
1076 2 736 884
1076 2 771 1527
1076 2 809 207
1076 2 851 457
1076 2 897 227
1076 2 949 226
1076 2 1008 448
1077 2 539 259
1077 2 579 243
1077 2 624 479
1077 2 675 308
1077 2 736 519
1077 2 809 325
1077 2 897 612
1077 2 1008 590
1078 2 579 396
1078 2 675 705
1078 2 809 1090
1078 2 1008 2646
1079 2 256 41
1079 2 258 42
1079 2 260 46
1079 2 262 35
1079 2 264 62
1079 2 266 50
1079 2 268 39
1079 2 270 81
1079 2 273 51
1079 2 275 56
1079 2 277 290
1079 2 280 42
1079 2 282 48
1079 2 284 42
1079 2 287 46
1079 2 289 80
1079 2 292 59
1079 2 295 65
1079 2 297 54
1079 2 300 61
1079 2 303 61
1079 2 306 42
1079 2 309 74
1079 2 312 59
1079 2 315 63
1079 2 318 60
1079 2 321 125
1079 2 324 74
1079 2 327 73
1079 2 330 71
1079 2 334 457
1079 2 337 167
1079 2 341 72
1079 2 344 73
1079 2 348 80
1079 2 352 94
1079 2 356 77
1079 2 360 450
1079 2 364 72
1079 2 368 129
1079 2 372 151
1079 2 376 96
1079 2 381 118
1079 2 385 160
1079 2 390 473
1079 2 394 101
1079 2 399 148
1079 2 404 113
1079 2 409 106
1079 2 414 181
1079 2 420 128
1079 2 425 164
1079 2 431 152
1079 2 436 509
1079 2 442 112
1079 2 448 141
1079 2 455 121
1079 2 461 383
1079 2 468 197
1079 2 474 178
1079 2 481 260
1079 2 489 172
1079 2 496 179
1079 2 504 1505
1080 2 504 1505
1081 2 504 2161
1082 2 504 2474
1083 2 504 4486
1084 2 504 4387
1085 2 504 6696
1086 2 504 9169
1087 2 504 9240
1088 2 504 11654
1089 2 504 14458
1090 2 504 18672
1091 2 504 24523
1092 2 504 34863
1093 2 504 59996
1094 2 504 118374
1114 1 512 830
1116 1 512 75
1117 1 512 100
1118 1 512 100
1119 1 512 100
1120 1 512 100
1121 1 512 100
1122 1 512 60
1123 1 512 30
1124 1 512 30
1125 1 512 30
1126 1 512 30
1127 1 512 30
1128 1 512 100
1129 1 512 100
1130 1 512 100
1131 1 512 75
1132 1 512 75
1133 1 512 75
1134 0 520 30
1135 0 520 30
1136 0 520 130
1137 0 520 30
1138 0 520 1010
1139 0 520 120
1140 0 520 120
1141 0 520 120
